test_seti,id,zorluk,kategori,soru,beklenen_kaynak,dokumanda_var_mi,cevap,referans_cevaplar,em_score,em_soft_score,f1_score,precision,recall,rouge_l,semantic_sim,retrieval_match,retrieval_sira,siniflandirma,referans_var_mi,sure_sn
test_1,1,Kolay,Kolay,G4.1 dilbilgisinde VT kümesinin elemanları nelerdir?,8-Baglamdan_bagimsiz_dilbilgisi.pdf,Evet,"G4.1 dilbilgisinde VT kümesinin elemanları {+, -, *, /, (, ), v, c} dir.","G4.1'de VT = {+, -, *, /, (, ), v, c} kümesidir. | VT = {+, -, *, /, (, ), v, c} | {+, -, *, /, (, ), v, c} | +, -, *, /, (, ), v, c | {+, -, *, /, (, ), v, c} kümesidir. | Artı, eksi, çarpı, bölü, parantezler, v ve c simgeleridir.",0.0,100.0,75.9,73.3,78.6,75.9,86.6,Evet,1,TP,Evet,34.12
test_1,2,Kolay,Kolay,Bağlamdan bağımsız dilbilgisinde P harfi neyi temsil eder?,8-Baglamdan_bagimsiz_dilbilgisi.pdf,Evet,"P, yeniden yazma ya da türetme kuralları kümesini temsil eder. Bu kurallar, dilbilgisindeki değişkenleri diğer değişkenler veya uç simgelerle yeniden yazma işlemi gerçekleştirir.","P, dilbilgisinin yeniden yazma (türetme) kurallarını temsil eder. | Yeniden yazma ya da türetme kuralları | Türetme kuralları | Yeniden yazma kuralları | Yeniden yazma veya türetme kurallarını temsil eder.",100.0,100.0,41.4,26.1,100.0,41.4,86.8,Evet,1,TP,Evet,23.55
test_1,3,Kolay,Kolay,Başlangıç değişkeni hangi sembolle gösterilir ve hangi kümenin elemanıdır?,8-Baglamdan_bagimsiz_dilbilgisi.pdf,Evet,S başlangıç değişkeni gösterilir ve VN kümenin elemanıdır.,"Başlangıç değişkeni S sembolüyle gösterilir ve S ∈ VN'dir (sözdizim değişkenleri kümesinin elemanıdır). | S sembolü ile gösterilir ve VN (sözdizim değişkenleri) kümesinin elemanıdır. | S sembolüyle gösterilir, VN kümesinin elemanıdır. | S, VN elemanıdır (S ∈ VN). | S sembolü, VN (değişkenler kümesi)",0.0,0.0,63.6,87.5,50.0,57.1,84.4,Evet,1,TP,Evet,19.8
test_1,4,Kolay,Kolay,VN ve VT kümeleri arasındaki ilişki nedir (ayrık mıdır kesişir mi)?,8-Baglamdan_bagimsiz_dilbilgisi.pdf,Evet,AYRIK kümelerdir. VN ve VT ayrık kümelerdir ve birbirleriyle kesişmez.,"VN ve VT ayrık kümelerdir; kesişimleri boş kümedir (VN ∩ VT = Ø). | Ayrık kümelerdir (kesişimleri boştur, VN ∩ VT = ∅). | VN ve VT ayrık kümelerdir. | Ayrıktır, kesişimleri boştur. | Ayrık kümelerdir.",100.0,100.0,66.7,50.0,100.0,66.7,89.2,Evet,1,TP,Evet,20.17
test_1,5,Kolay,Kolay,Bir türetme ağacının kökünün etiketi ne olmalıdır?,8-Baglamdan_bagimsiz_dilbilgisi.pdf,Evet,S' dir.,Türetme ağacının kökünün etiketi S'dir. | S | S'dir | Ağacın kökünün etiketi S (başlangıç değişkeni) olmalıdır. | S olmalıdır.,100.0,100.0,100.0,100.0,100.0,100.0,80.0,Evet,1,TP,Evet,17.23
test_1,6,Kolay,Kolay,G4.2 dilbilgisinin uç simgeler (VT) kümesi nelerdir?,8-Baglamdan_bagimsiz_dilbilgisi.pdf,Evet,"VT = {a, b, c, d}","G4.2'de VT = {a, b, c, d} kümesidir. | VT = {a, b, c, d} | {a, b, c, d} | a, b, c, d | {a, b, c, d} kümesidir. | a, b, c ve d simgeleridir.",100.0,100.0,100.0,100.0,100.0,100.0,100.0,Evet,1,TP,Evet,21.14
test_1,7,Orta,Orta,G4.1 dilbilgisinde S=>S*S=>S*(S)=>S*(S-S)=>v*(S-S)=>v*(v-S)=>v*(v-c) türetmesi sonunda hangi tümce elde edilmiştir?,8-Baglamdan_bagimsiz_dilbilgisi.pdf,Evet,v*(v-c),Bu türetme sonunda w = v*(v-c) tümcesi elde edilmiştir. | v*(v-c) | w = v*(v-c) | v*(v-c) tümcesi elde edilmiştir. | v*(v-c) tümcesidir.,100.0,100.0,100.0,100.0,100.0,100.0,100.0,Evet,1,TP,Evet,21.08
test_1,8,Orta,Orta,"L(G4.2) dili nasıl tanımlanmıştır; n, m, p, k parametreleri arasındaki koşullar nelerdir?",8-Baglamdan_bagimsiz_dilbilgisi.pdf,Evet,"L(G4.2) dili如下定义：
L(G4.2) ={anbmckdp | n,m,p,k ≥1, p>n, k>m} 其中，n, m, p, k 的条件是：n、m、p 和 k 均大于等于1，且 p 大于 n，k 大于 m。","L(G4.2) = {aⁿbᵐcᵏdᵖ | n,m,p,k ≥ 1, p > n, k > m} biçiminde tanımlanır — yani a sayısı n, b sayısı m, c sayısı k, d sayısı p olmak üzere, d sayısı a sayısından fazla (p>n) ve c sayısı b sayısından fazla (k>m) olmalıdır. | L(G4.2) = { a^n b^m c^k d^p | n,m,p,k ≥ 1, p>n, k>m } | {aⁿbᵐcᵏdᵖ | n,m,p,k ≥ 1, p > n, k > m} | {a^n b^m c^k d^p | n,m,p,k >= 1, p > n, k > m} | n, m, p, k ≥ 1 olmak üzere p > n ve k > m koşulları sağlanmalıdır.",0.0,0.0,59.6,51.5,70.8,49.1,87.6,Evet,1,TP,Evet,25.35
test_1,9,Orta,Orta,G4.3 dilbilgisi tarafından türetilen L(G4.3) dilinin küme tanımını yazınız.,8-Baglamdan_bagimsiz_dilbilgisi.pdf,Evet,"L(G4.3) = {anbmck | n≥1, k≥1 m≥2n}","L(G4.3) = {aⁿbᵐcᵏ | n≥1, k≥1, m≥2n} | L(G4.3) = { a^n b^m c^k | n ≥ 1, k ≥ 1, m ≥ 2n } | {aⁿbᵐcᵏ | n≥1, k≥1, m≥2n} | {a^n b^m c^k | n>=1, k>=1, m>=2n} | a^n b^m c^k kümesidir, burada n>=1, k>=1 ve m>=2n koşulu vardır.",0.0,0.0,90.0,90.0,90.0,90.0,99.7,Evet,1,TP,Evet,23.21
test_1,10,Orta,Orta,Soldan türetme ile sağdan türetme arasındaki temel fark nedir?,8-Baglamdan_bagimsiz_dilbilgisi.pdf,Evet,"Soldan türetme her adımda en soldaki değişkene türetme uygularken, sağdan türetme her adımda en sağdaki değişkene türetme uygular.","Soldan türetmede her adımda en soldaki değişkene kural uygulanır; sağdan türetmede ise her adımda en sağdaki değişkene kural uygulanır. | Soldan türetmede her adımda en soldaki değişkene, sağdan türetmede ise her adımda en sağdaki değişkene türetme uygulanır. | Soldan türetme en soldaki değişkene, sağdan türetme ise en sağdaki değişkene öncelik verir/kural uygular.",0.0,0.0,74.3,72.2,76.5,74.3,97.6,Evet,1,TP,Evet,27.36
test_1,11,Orta,Orta,Bir dilin belirgin (unambiguous) olması ne anlama gelir?,8-Baglamdan_bagimsiz_dilbilgisi.pdf,Evet,"Bir dilin belirgin olması, dilin her bir cümle için birden çok anlama veya yapısı olmamasını ifade eder.","Bir dilin belirgin (unambiguous) olması, dilin her tümcesine yalnızca bir tane türetme ağacı karşılık gelmesi demektir. | Dilin her tümcesine yalnızca tek bir türetme ağacı karşı gelmesi anlamına gelir. | Her tümce için yalnızca bir tek türetme ağacının veya soldan türetmenin bulunmasıdır.",0.0,0.0,42.4,41.2,43.8,42.4,81.6,Evet,1,TP,Evet,25.01
test_1,12,Orta,Orta,Belirgin olmayan (ambiguous) dillerin uygulamada neden değeri olmadığı belirtilmiştir?,8-Baglamdan_bagimsiz_dilbilgisi.pdf,Evet,"Belirgin olmayan dillerin uygulamada hiçbir değeri yoktur, çünkü tümceleri birden çok anlam taşıyarak sistemlerde belirsizlik yaratabilirler ve bu belirsizliği kabul etmek güvenliği ve doğruluğu riskine yol açar. Bu nedenle, kullanılan dillerin tümünün belirginlik özelliğini sağlandığı varsayılır.",Tümceleri birden çok anlam taşıyan (yani birden fazla türetme ağacına sahip olan) belirgin olmayan dillerin uygulamada hiçbir değeri olmadığı belirtilmiştir; bu yüzden kullanılan dillerin belirginlik özelliğini sağladığı varsayılır. | Tümceleri birden çok anlam taşıdığı için (birden çok türetme ağacı oluştuğu için) uygulamada hiçbir değeri yoktur. | Tümcelerin birden çok anlam taşıması nedeniyle uygulamada değeri yoktur.,0.0,0.0,50.0,44.4,57.1,37.5,87.5,Evet,1,TP,Evet,25.04
test_1,13,Orta,Orta,Türetme ağacında bir düğümün etiketi λ ise bu düğümle ilgili hangi koşullar sağlanmalıdır?,8-Baglamdan_bagimsiz_dilbilgisi.pdf,Evet,Bu düğüm bir uç düğüm(yaprak) olmalı ve bu düğümün kardeşi bulunmamalıdır.,Etiketi λ olan düğüm bir uç düğüm (yaprak) olmalıdır ve bu düğümün kardeşi (yan dalı) bulunmamalıdır. | Bu düğüm bir uç düğüm (yaprak) olmalı ve hiçbir kardeşi bulunmamalıdır. | Uç düğüm (yaprak) olmalı ve kardeşi bulunmamalıdır.,0.0,100.0,87.0,83.3,90.9,87.0,97.1,Evet,1,TP,Evet,30.57
test_1,14,Orta,Orta,Bir A değişkeninin yararlı (useful) bir değişken olabilmesi için sağlaması gereken iki koşul nedir?,8-Baglamdan_bagimsiz_dilbilgisi.pdf,Evet,"Bir A değişkeninin yararlı bir değişken olabilmesi için:
1. Bu değişkenden başlanarak, en az bir uç simge dizisinin türetilebilmesi
2. Başlangıç değişkeninden bu değişkene ulaşmanın mümkün olması","Bir A değişkeninin yararlı olabilmesi için:
- Bu değişkenden başlanarak en az bir uç simge dizisi türetilebilmeli (A =>* u, u∈VT*),
- Başlangıç değişkeninden bu değişkene ulaşılabilmelidir (S => α₁Aα₂). | 1. Bu değişkenden başlanarak en az bir uç simge dizisinin türetilebilmesi (A=>u, u∈VT*), 2. Başlangıç değişkeninden (S) bu değişkene ulaşmanın mümkün olması (S=>α1 A α2). | Uç simge dizisi türetebilmesi (A =>* u) ve başlangıç değişkeninden ulaşılabilir olmasıdır (S => α₁Aα₂).",0.0,0.0,67.8,74.1,62.5,64.4,91.2,Evet,1,TP,Evet,28.23
test_1,15,Orta,Orta,Yararsız simge (useless symbol) kavramı nasıl tanımlanmıştır?,8-Baglamdan_bagimsiz_dilbilgisi.pdf,Evet,"Yararsız simge, bir dilbilgininin uç simgelerinden biri olarak tanımlanır ve bu dilbilgisi tarafından türetilen tüm cesitli tümcelerden hiçbiri içinde bulunmaz.","Bir dilbilgisinin uç simgelerinden biri, o dilbilgisi tarafından türetilen tümcelerin hiçbirinde yer almıyorsa, bu simgeye yararsız simge denir. | Dilbilgisi tarafından türetilen tümcelerden hiçbirinde yer almayan uç simgedir. | Türetilen hiçbir tümcede yer almayan uç simgeye yararsız simge (useless symbol) denir.",0.0,0.0,52.6,50.0,55.6,36.8,91.1,Evet,1,TP,Evet,27.32
test_1,16,Orta,Orta,Yararsız kural (useless rule) ne demektir?,8-Baglamdan_bagimsiz_dilbilgisi.pdf,Evet,"Yararsız bir kural, en az bir tümcenin türetilmesinde kullanılmayan kuraldır.","Bir yeniden yazma kuralı (A=>β) hiçbir tümcenin türetilmesinde kullanılmıyorsa, bu kurala yararsız kural denir. | Hiçbir tümcenin türetilmesinde kullanılmayan kurallardır. | Tümce türetimi sırasında hiçbir zaman kullanılmayan yeniden yazma kurallarıdır (A=>β).",0.0,0.0,40.0,30.0,60.0,40.0,82.8,Evet,1,TP,Evet,26.37
test_1,17,Orta,Orta,Algoritma 4.5 hangi amaçla kullanılır ve sonucunda hangi küme elde edilir?,8-Baglamdan_bagimsiz_dilbilgisi.pdf,Evet,"Algoritma 4.5, uç simge dizgisi türeten değişkenler kümesini bulmak için kullanılır ve sonucunda TD kümesi elde edilir. Bu küme, dilbilgisinde uç simge dizgisi türen değişkenleri içerir. Yararsız değişken ve kurallar atılarak eşdeğer bir dilbilgisine geçiş yapıldığında, bu küme de değiştirilmiş dilbilgisinde uç simge dizgisi türen değişkenleri temsil eder.","Algoritma 4.5, uç simge dizgisi türeten değişkenler kümesini (TD) bulmak için kullanılır. Bu kümede yer almayan değişkenler yararsız değişkenlerdir. | Uç simge dizgisi türeten değişkenler kümesini (TD) bulmak amacıyla kullanılır. | Uç simge dizisi türeten değişkenler kümesini bulmak için kullanılır, TD kümesi elde edilir (bu kümede yer almayanlar yararsızdır).",0.0,0.0,43.5,30.6,75.0,40.6,89.4,Evet,1,TP,Evet,27.0
test_1,18,Orta,Orta,Algoritma 4.6 hangi amaçla kullanılır ve sonucunda hangi küme elde edilir?,8-Baglamdan_bagimsiz_dilbilgisi.pdf,Evet,"Algoritma 4.6, dilbilgisindeki yararsız değişkenleri ve kuralları tespit etmek ve çıkararak eşdeğer bir dilbilgisine ulaşmak için kullanılır. Sonucunda elde edilen küme, başlangıç değişkeninden ulaşılamayan değişkenler ve bunların yer aldığı kuralların silinmiş eşdeğer bir dilbilgidir.","Algoritma 4.6, başlangıç değişkeninden ulaşılabilen değişkenler kümesini (TU) bulmak için kullanılır. Bu kümede yer almayan değişkenler de yararsız değişkenlerdir. | Başlangıç değişkeninden (S) ulaşılabilen değişkenler kümesini (TU) bulmak amacıyla kullanılır. | Başlangıç değişkeninden ulaşılabilen değişkenleri bulmak için kullanılır, TU kümesi elde edilir (ulaşılamayanlar yararsızdır).",0.0,0.0,36.4,28.6,50.0,25.5,79.3,Evet,1,TP,Evet,24.69
test_1,19,Orta,Orta,G4.7 dilbilgisinde uç simge dizgisi türeten değişkenler kümesi (TD) nedir ve hangi değişkenler yararsız bulunur?,8-Baglamdan_bagimsiz_dilbilgisi.pdf,Evet,"TD = {S, A, B, E, F} G4.7 dilbilgisindeki yararsız değişkenler kümesi: A, E ve F.","G4.7'de TD = {S, A, B, E, F}; bu kümede yer almayan C ve D değişkenleri yararsız bulunur. | TD = { S, A, B, E, F } kümesidir; bu kümede yer almayan C ve D değişkenleri yararsız bulunur. | TD = {S, A, B, E, F}, yararsız değişkenler C ve D'dir.",0.0,0.0,70.6,63.2,80.0,70.6,85.3,Evet,1,TP,Evet,23.31
test_1,20,Orta,Orta,G'4.7 dilbilgisinde başlangıç değişkeninden ulaşılabilen değişkenler kümesi (TU) nedir?,8-Baglamdan_bagimsiz_dilbilgisi.pdf,Evet,"T = { S, B }","G'4.7'de TU = {S, B}; bu kümede yer almayan A, E ve F değişkenleri yararsız bulunur (ve bunlarla birlikte a simgesi de yararsız hale gelir). | TU = { S, B }; A, E ve F değişkenleri yararsızdır. | TU = {S, B} | TU = {S, B} kümesidir.",0.0,0.0,83.3,83.3,83.3,83.3,85.2,Evet,1,TP,Evet,21.63
test_1,21,Orta,Orta,G4.7'nin yalınlaştırılmış son hali olan G''4.7 dilbilgisinin kuralları nelerdir?,8-Baglamdan_bagimsiz_dilbilgisi.pdf,Evet,"G"" =<V, V, P, S>
V = { S, B }
VT={b}
P: S=> B |B
B=>b","G''4.7 = <VN, VT, P, S>:
VN = {S, B}, VT = {b}
P: S => B | BS
B => b | G''4.7 = <VN, VT, P, S>: VN = {S, B}, VT = {b}, P: S => B | BS, B => b | S => B | BS ve B => b | P: S=> B | BS, B=> b | S => B | BS, B => b (VN={S, B}, VT={b})",0.0,0.0,80.8,84.0,77.8,80.8,85.7,Evet,1,TP,Evet,22.89
test_1,22,Orta,Orta,Dilbilgisinin yalınlaştırılması (yararsız öğelerin atılması) kaç adımda gerçekleştirilir ve bu adımlarda ne yapılır?,8-Baglamdan_bagimsiz_dilbilgisi.pdf,Evet,"Dilbilgisinin yalınlaştırılması, iki adımda gerçekleştirilir. İlk adımda, algoritma 4.5 kullanılarak uç simge dizgisi türeten değişkenler kümesi bulunur ve bu kümede yer almayan değişkenler yararsız değişkenler olarak kabul edilir. İkinci adımda, algoritma 4.6 kullanılarak başlangıç değişkeninden ulaşılamayan değişkenler tespit edilir ve bu değişkenler ile yer aldığı kurallar silinerek yeni bir dilbilgi oluşturulur.","İki adımda gerçekleştirilir: 1. adımda Algoritma 4.5 ile uç simge dizgisi türetmeyen (yararsız) değişkenler ve bunların kuralları çıkarılır (G' elde edilir). 2. adımda Algoritma 4.6 ile G''de başlangıç değişkeninden ulaşılamayan değişkenler ve kuralları çıkarılır (G'' elde edilir). | İki adımda gerçekleştirilir: 1. Adımda uç simge dizisi türeten değişkenler (TD) bulunur ve diğerleri atılır. 2. Adımda başlangıç değişkeninden ulaşılabilen değişkenler (TU) bulunur ve ulaşılamayanlar atılır. | 2 adımda yapılır: Önce uç simge türeten değişkenler (Algoritma 4.5), sonra başlangıçtan ulaşılabilen değişkenler (Algoritma 4.6) belirlenip elenir.",0.0,0.0,53.8,47.2,62.5,47.3,78.4,Evet,1,TP,Evet,26.33
test_1,23,Orta,Orta,w1=(v+c)*(v-c) tümcesinin soldan türetilmesindeki ilk üç adımı yazınız.,8-Baglamdan_bagimsiz_dilbilgisi.pdf,Evet,"S=>S*S
S=>(S)*S
S=>(S+S)*S","S => S*S => (S)*S => (S+S)*S | S => S*S, S*S => (S)*S, (S)*S => (S+S)*S | 1. S => S*S, 2. (S)*S, 3. (S+S)*S | S=>S*S => (S)*S => (S+S)*S",0.0,0.0,93.8,88.2,100.0,93.8,97.5,Evet,1,TP,Evet,23.14
test_1,24,Orta,Orta,G_S.4.2 dilbilgisinde L_S.4.2 dilinin küme tanımı nedir?,8-Baglamdan_bagimsiz_dilbilgisi.pdf,Evet,"L(G4.2) = {anbmckdp | n,m,p,k ≥1, p>n, k>m}","L_S.4.2 = {(aa)ⁿ(cc)ᵐbᵏcbᵏ | n≥1, m≥0, k≥1} | L_S.4.2 = { (aa)^n (cc)^m b^k c b^k | n ≥ 1, m ≥ 0, k ≥ 1 } | {(aa)ⁿ(cc)ᵐbᵏcbᵏ | n≥1, m≥0, k≥1} | {(aa)^n (cc)^m b^k c b^k | n>=1, m>=0, k>=1}",0.0,0.0,53.7,68.8,44.0,48.8,77.7,Evet,1,TP,Evet,29.45
test_1,25,Orta,Orta,Örnek 6'daki G_S.4.6.1 dilbilgisinin türettiği dilin (L_S.4.6.1) küme tanımı nedir?,8-Baglamdan_bagimsiz_dilbilgisi.pdf,Evet,Bu bilgi dokümanlarda bulunamadı.,"L_S.4.6.1 = {aⁿbaᵐbaᵏ | n>1, m>0, k>1} | L_S.4.6.1 = { a^n b a^m b a^k | n>1, m>0, k>1 } | {aⁿbaᵐbaᵏ | n>1, m>0, k>1} | {a^n b a^m b a^k | n>1, m>0, k>1} | {a^n b a^m b a^k | n>=1, m>=0, k>=1}",0.0,0.0,0.0,0.0,0.0,0.0,42.8,Evet,1,FN,Evet,21.12
test_1,26,Orta,Orta,"Örnek 5'teki G_4.5.1 dilbilgisinin kuralları, L_4.5.1={a^2k b^n c^2n d^k | k≥1, n≥1} dilini nasıl üretir?",8-Baglamdan_bagimsiz_dilbilgisi.pdf,Evet,Bu bilgi dokümanlarda bulunamadı.,"S => aaSd kuralı her uygulandığında hem başta iki tane a hem sonda bir d eklenir (bu k kez tekrarlanır), S => aaAd ile A'ya geçilince A => bAcc | bcc kuralları devreye girer: A her uygulanışında bir b öne, iki c sona eklenir (n kez), böylece toplamda a²ᵏ bⁿ c²ⁿ dᵏ elde edilir. | S => aaSd | aaAd ve A => bAcc | bcc kuralları ile üretir. S kuralı her adımda 2 'a' ve 1 'd' (a^2k, d^k) üretirken, A kuralı 1 'b' ve 2 'c' (b^n, c^2n) üreterek dili oluşturur. | S => aaSd ile 2 'a' ve 1 'd' (k kez), S => aaAd ile A'ya geçiş; A => bAcc | bcc ile 1 'b' ve 2 'c' (n kez) üretilerek a^2k b^n c^2n d^k elde edilir.",0.0,0.0,3.4,25.0,1.9,3.4,31.2,Evet,1,FN,Evet,27.59
test_1,27,Zor,Zor,G4.4 dilbilgisi tarafından türetilen L(G4.4) dili uv(v')^R u^R biçiminde tanımlanmıştır; u ve v üzerindeki kısıtlar nelerdir ve bu gösterim ne anlama gelir?,8-Baglamdan_bagimsiz_dilbilgisi.pdf,Evet,"u ve v, (0+1)* kümesinden elemanlar olup, |u|≥1 ve |v|≥1 koşullarını karşılar. Bu gösterim, L(G4.4) dili uv(v')^R u^R şeklinde tanımlanır, burada v' v'nin tümlerinin tersini temsil eder ve u ise tamamen tersini temsil eder. Bu gösterim, dildeki her bir dizinin u ve v parçalarının ve bunların terslerinin nasıl yapıldığını ve ilişkisini açıkça gösterir.","L(G4.4) = {uv(v')ᴿuᴿ | u,v ∈ (0+1)*, |u|≥1, |v|≥1}: burada u ve v en az uzunluk 1 olan 0-1 dizileridir; u'nun tersi (uᴿ) tümcenin sonunda, v'nin tümleyeninin (v') tersi ((v')ᴿ) ise ortada yer alır — yani tümce başta u, ortada v'nin bit-tümleyeninin tersi, sonda u'nun tersi olacak şekilde simetrik bir yapı oluşturur. | u, v ∈ (0+1)*, |u| ≥ 1, |v| ≥ 1 kısıtları vardır. u^R u'nun tersi, (v')^R ise v'nin bit düzeyinde tümleyeninin tersi anlamına gelir; tümce başta u, ortada v'nin bit-tümleyeninin tersi, sonda u'nun tersi olacak şekilde simetrik bir yapı oluşturur. | u, v ε (0+1)*, |u|>=1, |v|>=1; u^R u dizisinin tersini, (v')^R ise v'nin tümleyeninin tersini ifade eder.",0.0,0.0,41.8,29.7,70.4,33.0,78.7,Evet,1,TP,Evet,25.45
test_1,28,Zor,Zor,"G_S.4.7.2 dilbilgisi L_S.4.7.2={a^n b^m c^k | n>0, m>0, k=2n+m} dilini nasıl üretir; S=>aAcc kuralının bu eşitlikteki rolü nedir?",8-Baglamdan_bagimsiz_dilbilgisi.pdf,Evet,Bu bilgi dokümanlarda bulunamadı.,"S=>aAcc kuralı başta bir a ve sonda iki c ekler (n kez tekrarlanabilir, S=>aAcc çağrısı n defa a ekler). A=>aAcc|bBc kuralları ile hem daha fazla a-cc çifti (m kez) hem de B'ye geçiş (bir b ve bir c) eklenir; B=>bBc|λ ile k kez daha b ve c eklenir. Sonuçta a sayısı n, b sayısı m, c sayısı ise her a için 2 c ve her b için 1 c geldiğinden k=2n+m olur. | S => aAcc kuralı türetilen her 1 'a' için 2 'c' üretilmesini (2n) garanti eder; devamındaki A/B kuralları da her 1 'b' için 1 'c' (m) üreterek k = 2n + m koşulunu sağlar. | S=>aAcc kuralı başta bir a ve sonda iki c ekler (her 1 'a' için 2 'c'); B kuralları her 'b' için bir 'c' ekleyerek k=2n+m eşitliğini oluşturur.",0.0,0.0,0.0,0.0,0.0,0.0,30.0,Evet,1,FN,Evet,22.67
test_1,29,Zor,Zor,Örnek 8'deki G_S.4.8.1 dilbilgisinin türettiği L_S.4.8.1 dilinde üs olarak neden 2k+1 kullanılmıştır; B=>bbBdd|C kuralı bunu nasıl sağlar?,8-Baglamdan_bagimsiz_dilbilgisi.pdf,Evet,Bu bilgi dokümanlarda bulunamadı.,"B=>bbBdd|C kuralı her uygulandığında 2 tane b ve 2 tane d ekler (k kez tekrarlanır), bu nedenle üs 2k olur; C=>bd temel kuralı ile bir b ve bir d daha eklenerek toplam üs 2k+1'e çıkar — böylece b ve d sayıları eşit ve tek sayı (2k+1) olarak eşleşir. | B => bbBdd kuralı her adımda çift sayıda (2 'b' ve 2 'd', yani 2k) ekler; sonlandırıcı C => bd kuralı ise 1 adet 'b' ve 'd' ekleyerek üssün tek sayı (2k+1) olmasını sağlar. | bbBdd kuralı 2k kadar çift eklerken, C=>bd kuralı +1 ekleyerek 2k+1 yapar; böylece b ve d sayıları eşit ve tek sayı olur.",0.0,0.0,3.3,25.0,1.8,3.3,29.5,Evet,1,FN,Evet,21.56
test_1,30,Zor,Zor,"G4.3 dilbilgisinde X=>aXbb|aZbb|abb ve Z=>Zb|Xb kuralları birlikte çalışarak L(G4.3)={a^n b^m c^k | n≥1, k≥1, m≥2n} koşulunu nasıl sağlar?",8-Baglamdan_bagimsiz_dilbilgisi.pdf,Evet,"X ve Z kuralları birlikte çalışarak, her X'nin a ile başlayıp b ile bitmesini ve her Z'nin b ile bitmesini sağlar. Bu, a'nın c'nin sayısı kadar olması ve b'nin sayısının a'nın iki katı olması koşulu karşılamasına olanak tanır.","X=>aXbb|aZbb|abb kuralları her uygulandığında bir a öne, iki b sona ekler; ancak Z=>Zb|Xb sayesinde araya fazladan tek b'ler eklenebilir. X, n kez a üretirken (n≥1), her a için normalde 2b gelir ama Z aracılığıyla ekstra b'ler eklenince toplam b sayısı 2n'den büyük olabilir (m≥2n koşulu böyle sağlanır); Y=>cY|c ise en az 1 tane c üretir (k≥1). | X => aXbb kuralı her 'a' için en az 2 'b' (2n) üretilmesini zorunlu kılar; Z => Zb kuralları ise araya fazladan 'b' simgeleri ekleyerek b sayısının 2n'e eşit veya 2n'den büyük (m ≥ 2n) olmasını sağlar; Y kuralları da en az 1 c (k ≥ 1) üretir. | X kuralları her 'a' için 2 'b' üretirken, Z kuralları fazladan 'b' ekleyerek m >= 2n olmasını sağlar; Y=>cY|c en az 1 c üretir.",0.0,0.0,30.1,38.6,24.6,25.4,77.4,Evet,1,TP,Evet,22.4
test_2,31,Kolay,Kolay,728_profiles.json dosyasındaki schemaVersion değeri nedir ve datasetName alanı veri setini nasıl tanımlıyor?,728_profiles.json,Evet,"schemaVersion değeri 1.1'dir ve datasetName alanı ""DateBind Realistic Synthetic Appointment Provider Profiles"" adını veri setini tanımlıyor.","schemaVersion '1.1'dir. datasetName alanı 'DateBind Realistic Synthetic Appointment Provider Profiles' olup, DateBind uygulaması için gerçekçi görünümlü sentetik randevu sağlayıcı profillerinden oluşan bir demo/test veri seti olduğunu tanımlar. | schemaVersion: ""1.1"", datasetName: ""DateBind Realistic Synthetic Appointment Provider Profiles"". DateBind uygulaması için gerçekçi görünümlü, sentetik randevu sağlayıcı profillerinden oluşan bir demo/test veri seti olduğunu tanımlamaktadır. | schemaVersion 1.1'dir. datasetName alanı 'DateBind Realistic Synthetic Appointment Provider Profiles' olarak tanımlanmıştır (DateBind için sentetik randevu sağlayıcı profilleri demo/test veri seti).",0.0,0.0,60.5,72.2,52.0,60.5,93.2,Evet,1,TP,Evet,23.46
test_2,32,Kolay,Kolay,"statistics bölümüne göre veri setinde toplam kaç profil (profileCount), kaç sektör (sectorCount) ve kaç meslek (occupationCount) bulunmaktadır?",728_profiles.json,Evet,"Veri setinde toplam 728 profil, 22 sektör ve 91 meslek bulunmaktadır.","Veri setinde toplam 728 profil (profileCount: 728), 22 sektör (sectorCount: 22) ve 91 meslek (occupationCount: 91) bulunmaktadır. | profileCount: 728, sectorCount: 22, occupationCount: 91. | 728 profil, 22 sektör ve 91 meslek bulunmaktadır.",0.0,100.0,84.2,72.7,100.0,84.2,95.4,Evet,1,TP,Evet,56.77
test_2,33,Kolay,Kolay,safetyAndDataQuality bölümünde realPhoneNumbersIncluded ve realEmailsIncluded alanları hangi değeri taşımaktadır ve bu ne anlama gelir?,728_profiles.json,Evet,"realPhoneNumbersIncluded ve realEmailsIncluded alanları False değerini taşımaktadır. Bu, veri setinde gerçek telefon numaraları veya gerçek e-posta adresleri bulunmadığını gösterir.","Her iki alan da false değerini taşımaktadır (realPhoneNumbersIncluded: false, realEmailsIncluded: false). Bu durum, veri setindeki hiçbir profilde gerçek bir telefon numarası veya e-posta adresi bulunmadığı, tüm iletişim alanlarının null olduğu ve verinin gizlilik korumalı (privacy-safe) sentetik veri olduğu anlamına gelir. | İkisi de false değerindedir. Veri setindeki hiçbir profilde gerçek telefon numarası veya e-posta adresi bulunmadığını, tüm iletişim alanlarının null olduğunu (privacy-safe sentetik veri) ifade eder. | realPhoneNumbersIncluded ve realEmailsIncluded false değerindedir; hiçbir gerçek telefon veya e-posta bilgisi içermediğini, tüm iletişim alanlarının null olduğunu belirtir.",0.0,0.0,48.8,47.6,50.0,48.8,92.1,Evet,1,TP,Evet,27.47
test_2,34,Kolay,Kolay,Örnek profil olan Özge Taş'ın sector ve occupation alanları nedir?,728_profiles.json,Evet,Özge Taş'ın sector alanı sağlık ve occupation alanı aile hekimliği uzmanı'dır.,"Özge Taş profilinde sector 'Sağlık', occupation ise 'Aile Hekimliği Uzmanı'dır. | Özge Taş: sector = ""Sağlık"", occupation = ""Aile Hekimliği Uzmanı"". | Sektör (sector): Sağlık, Meslek (occupation): Aile Hekimliği Uzmanı.",0.0,0.0,75.0,69.2,81.8,75.0,89.7,Evet,1,TP,Evet,35.88
test_2,35,Kolay,Kolay,publicContact alanı altında phoneVisible ve emailVisible değerleri örnek profillerde genellikle nasıl ayarlanmıştır?,728_profiles.json,Evet,"PublicContact alanındaki (phoneVisible, emailVisible) değerleri, örnek profillerde genellikle (False, False) olarak ayarlanmıştır ve bu durum %72,8'lük oranla gözlemlenebilir.","İncelenen örnek profillerin tamamında phoneVisible: false ve emailVisible: false olarak ayarlanmıştır (phone ve email alanları da null'dır); hiçbir profil gerçek iletişim bilgisi göstermemektedir. | phoneVisible: false ve emailVisible: false olarak ayarlanmıştır; telefon ve e-posta değerleri null durumundadır. | Her iki değer de false olarak ayarlanmıştır (phoneVisible: false, emailVisible: false, phone: null, email: null).",0.0,0.0,45.7,40.0,53.3,34.3,79.6,Evet,1,TP,Evet,56.63
test_2,36,Kolay,Kolay,"weeklyAvailability dizisinde her gün nesnesi hangi alanları (day, active, start, end) içermektedir?",728_profiles.json,Evet,Bu bilgi dokümanlarda bulunamadı.,"Her gün nesnesi day (gün adı), active (o gün çalışılıp çalışılmadığı / aktiflik durumu), start (çalışma başlangıç saati) ve end (çalışma bitiş saati) alanlarını içermektedir. | day (gün adı), active (o gün çalışılıyor mu), start (başlangıç saati) ve end (bitiş saati) alanlarını içerir. | day, active, start ve end alanlarını içerir.",0.0,0.0,0.0,0.0,0.0,0.0,41.6,Evet,1,FN,Evet,37.49
test_2,37,Orta,Orta,sectorDistribution içindeki 22 sektörün profil sayılarını bir çubuk grafikle karşılaştırdığınızda hangi üç sektör diğerlerinden (32 profil) daha fazla temsil edilmektedir?,728_profiles.json,Evet,"Sağlık, Spor ve Fitness, Eğitim ve Özel Ders sektörleri diğerlerinden (32 profil) daha fazla temsil edilmektedir.","Sağlık, Spor ve Fitness ile Eğitim ve Özel Ders sektörleri 40'ar profille diğer sektörlerden (32 profil) daha fazla temsil edilmektedir. | Sağlık, Spor ve Fitness ve Eğitim ve Özel Ders sektörleri (40'ar profil). | Eğitim ve Özel Ders, Sağlık, Spor ve Fitness sektörleri 40 profille daha fazla temsil edilmektedir.",0.0,0.0,83.9,81.2,86.7,81.1,98.0,Evet,1,TP,Evet,61.95
test_2,38,Orta,Orta,Mert Keskin profilinde appointmentSettings.autoApproveRequests neden false olarak ayarlanmış olabilir; Özge Taş'ın aynı alanla farkı nedir?,728_profiles.json,Evet,"Mert Keskin profilinde `appointmentSettings.autoApproveRequests` false olarak ayarlanmış olabilir, çünkü bu onun randevularının daha kontrol altında kalması için tercihini yansıtmaktadır. Özge Taş'ın ise bu ayar true olduğu için, randevuları otomatik olarak kabul eder. Bu fark, iki hekimin iş stili ve randevu yönetimi yaklaşımına yansımayı sağlar.","Mert Keskin profilinde autoApproveRequests: false (randevuları manuel onaylama) ve cancellationNoticeHours: 4 iken, Özge Taş profilinde autoApproveRequests: true (otomatik onaylama) ve cancellationNoticeHours: 12'dir. Bu fark deneyim ve profil çeşitliliğini simüle etmek için yapılandırılmıştır; Mert Keskin randevuları manuel onaylayıp daha kısa iptal bildirim süresi isterken, Özge Taş otomatik onaylayıp daha uzun bildirim süresi talep eder. | Mert Keskin randevuları manuel onaylamakta (autoApproveRequests: false, cancellationNoticeHours: 4), Özge Taş ise otomatik onaylamaktadır (autoApproveRequests: true, cancellationNoticeHours: 12). Bu durum sağlayıcıların farklı işleyiş tercihlerini ve profil çeşitliliğini simüle eder. | Mert Keskin: autoApproveRequests false (manuel onay), Özge Taş: autoApproveRequests true (otomatik onay). Sağlayıcı tercih çeşitliliğini yansıtır.",0.0,0.0,34.7,28.3,44.8,26.7,89.2,Evet,1,TP,Evet,32.32
test_2,39,Orta,Orta,"Umut Aslan profilinde services dizisindeki hizmetlerden hangileri Online, hangileri Yüz yüze modda sunulmaktadır?",728_profiles.json,Evet,"Umut Aslan profilinde services dizisindeki hizmetlerin modu şu şekildedir: Online hizmetler: Gelişim görüşmesi (60 dk), Yetkinlik değerlendirme (30 dk). Yüz yüze hizmet: Kariyer görüşmesi (30 dk).","Umut Aslan profilinde 'Gelişim görüşmesi' (60 dk) ve 'Yetkinlik değerlendirme' (30 dk) Online modda; 'Kariyer görüşmesi' (30 dk) ise Yüz yüze modda sunulmaktadır. | Online hizmetler: 'Gelişim görüşmesi' (60 dk) ve 'Yetkinlik değerlendirme' (30 dk); Yüz yüze hizmet: 'Kariyer görüşmesi' (30 dk). | Gelişim görüşmesi ve Yetkinlik değerlendirme Online, Kariyer görüşmesi ise Yüz yüze sunulmaktadır.",0.0,0.0,77.3,65.4,94.4,77.3,89.2,Evet,1,TP,Evet,66.41
test_2,40,Orta,Orta,"location.serviceArea alanı bazı profillerde 'district, city' formatındayken bazılarında 'district / online' formatında görünmektedir; bu farkın nedeni serviceModes alanıyla nasıl ilişkilidir?",728_profiles.json,Evet,"Bu fark, serviceModes alanıyla ilişkilidir. Eğer bir profesyonel online hizmet verebiliyorsa, location.serviceArea alanı 'district / online' şeklinde görünür. Eğer sadece yerelleşmiş hizmetler sunuyorsa, sadece 'district' veya 'city' formatında görünür.","'district, city' formatı sadece Yüz yüze (In-person) hizmet veren profillerde kullanılır; 'district / online' formatı ise hem Yüz yüze hem Online modunu birlikte sunan hibrit profillerde kullanılır (örneğin Umut Aslan profilinde 'İzmit / online'). | Sadece Yüz yüze hizmet sunulduğunda 'district, city' formatı kullanılırken; hem Yüz yüze hem Online modu birlikte sunulduğunda 'district / online' formatı kullanılmaktadır. | serviceModes içinde yalnızca yüz yüze varsa 'ilçe, il', hem yüz yüze hem online varsa 'ilçe / online' formatı kullanılır.",0.0,0.0,30.8,26.7,36.4,16.3,77.9,Evet,1,TP,Evet,34.75
test_2,41,Orta,Orta,"searchKeywords dizisi bir profildeki hangi diğer alanlardan (sector, occupation, services, location) türetilmiş görünmektedir?",728_profiles.json,Evet,"searchKeywords dizisi bir profildeki ""sector"", ""occupation"", ve ""services"" alanlarından türetilmiş görünmektedir. Location alanından da bazı bilgiler alabilir, ancak daha az etkilidir.","searchKeywords dizisi profildeki sector (sektör), occupation (meslek), services listesindeki hizmet adları ile location altındaki city (şehir) ve district (ilçe) bilgilerinin birleştirilip alfabetik sıralanmasıyla oluşturulmaktadır. | sector, occupation, services listesindeki hizmet adları, city ve district bilgilerinin birleştirilip alfabetik sıralanmasıyla türetilmiştir. | Sektör, meslek, hizmet adları, il ve ilçe alanlarının alfabetik olarak birleştirilmesinden oluşur.",0.0,0.0,35.6,38.1,33.3,31.1,84.8,Evet,1,TP,Evet,33.86
test_2,42,Orta,Orta,Emre Korkmaz ve Umut Aslan profillerinin minimumNoticeHours ve cancellationNoticeHours değerlerini bir çubuk grafikle karşılaştırdığınızda nasıl bir fark ortaya çıkar?,728_profiles.json,Evet,"Emre Korkmaz'ın en az uyarı saatleri 6 saat, Umut Aslan'ın ise 4 saat; ikisinin de iptal uyarı saatleri 24 saat olduğuna göre, çubuk grafikte Emre Korkmaz'ın en az uyarı saatları Umut Aslan'ın en az uyarı saatlarına kıyasla 2 saat fazladır.","Emre Korkmaz'da minimumNoticeHours: 6 ve cancellationNoticeHours: 24 iken; Umut Aslan'da minimumNoticeHours: 4 ve cancellationNoticeHours: 24'tür. İptal süreleri aynıdır (24 saat), ancak minimum randevu bildirim süresinde 2 saatlik fark vardır; bu da aynı meslekte bile profil bazında ayarların varyasyon gösterdiğini ortaya koyar. | İkisinin de cancellationNoticeHours değeri 24 saattir; ancak minimumNoticeHours Emre Korkmaz'da 6 saat iken Umut Aslan'da 4 saattir (2 saat fark vardır). | minimumNoticeHours: Emre Korkmaz 6 saat, Umut Aslan 4 saat; cancellationNoticeHours her ikisinde de 24 saat.",0.0,0.0,37.3,25.0,73.3,37.3,83.3,Evet,1,TP,Evet,72.22
test_2,43,Orta,Orta,experience.credentialSummary alanı occupation türüne göre nasıl değişmektedir; Aile Hekimliği Uzmanı ile Yetenek Yönetimi Uzmanı örnekleri üzerinden karşılaştırın.,728_profiles.json,Evet,Bu bilgi dokümanlarda bulunamadı.,"credentialSummary alanı her mesleğe özgü sabit bir şablon cümlesi olarak atanmıştır (meslek başına tek bir metin). Örneğin Aile Hekimliği Uzmanı için 'Tıp eğitimi ve uzmanlık', Yetenek Yönetimi Uzmanı için ise 'Yetenek yönetimi deneyimi' olarak tanımlanmıştır. | Aile Hekimliği Uzmanı → ""Tıp eğitimi ve uzmanlık""; Yetenek Yönetimi Uzmanı → ""Yetenek yönetimi deneyimi"". Her meslek için sabit bir şablon cümlesi belirlenmiştir. | credentialSummary meslek türüne göre sabittir: Aile Hekimliği Uzmanı'nda 'Tıp eğitimi ve uzmanlık', Yetenek Yönetimi Uzmanı'nda 'Yetenek yönetimi deneyimi' metni kullanılır.",0.0,0.0,0.0,0.0,0.0,0.0,39.7,Evet,1,FN,Evet,263.27
test_2,44,Orta,Orta,appointmentSettings içindeki minimumNoticeHours ile cancellationNoticeHours kavramsal olarak birbirinden nasıl ayrılmaktadır?,728_profiles.json,Evet,appointmentSettings içindeki minimumNoticeHours ve cancellationNoticeHours kavramsal olarak -1.95 saat farkıyla ayırt edilirler ve bu farkın standart sapması 10.90 saate eşittir.,"minimumNoticeHours bir randevunun en az kaç saat önceden talep edilebileceğini belirtirken; cancellationNoticeHours mevcut bir randevunun cezasız iptal edilebilmesi için gereken minimum bildirim süresini ifade eder. Biri randevu talep, diğeri ise randevu iptal aşamasıyla ilgilidir. | minimumNoticeHours yeni randevu talebinin en az kaç saat önceden yapılması gerektiğini, cancellationNoticeHours ise alınmış bir randevunun cezasız iptali için gereken süreyi belirtir. | minimumNoticeHours randevu oluşturma/talep aşamasıyla, cancellationNoticeHours ise randevu iptal aşamasıyla ilişkilidir.",0.0,0.0,13.3,13.0,13.6,11.4,79.4,Evet,1,TP,Evet,66.6
test_2,45,Orta,Orta,slug alanı displayName ve profileCode alanlarından nasıl bir kurala göre oluşturulmuş görünmektedir? Örnek profil üzerinden gösterin.,728_profiles.json,Evet,"Slug alanı, `displayName` alanı olan ""Özge Taş"" ve `profileCode` alanı olan ""DB-ZD5HGKSC"" kullanılarak oluşturulmuştur. İlk olarak, `displayName` değerinin harfleri küçük harfe çevrilmiş ve arası boşluk silinmiştir. Daha sonra, `profileCode` değeri eklenmiştir. Ancak, `profileCode` değerindeki bazı karakterler (örneğin, ""G"") değiştirilerek ""z"" ile değiştirilmiştir. Son olarak, `profileCode` değerine ""DB-"" ve ""DB-"" eklenerek slug oluşturulmuştur. Örneğin, Özge Taş adlı profilin slug'i ""özge-taş-db-zd5"" olarak oluşturulmuştur.",Kural: küçük-harfli-ad-soyad-profilkodununsonaltıkarakteri şeklindedir. Örneğin Özge Taş / DB-ZD5HGKSC için slug 'ozge-tas-zd5hgksc' olarak oluşturulmuştur. | displayName küçük harfe çevrilip tire ile birleştirilir ve profileCode'un son kısmı küçük harfle eklenir (Örnek: Özge Taş / DB-ZD5HGKSC → slug: 'ozge-tas-zd5hgksc'). | küçük harfli ad-soyad ile profil kodunun son altı karakterinin birleşiminden oluşur (Örn. Özge Taş / DB-ZD5HGKSC → 'ozge-tas-zd5hgksc').,0.0,0.0,30.3,20.8,55.6,22.2,79.4,Evet,1,TP,Evet,79.18
test_2,46,Orta,Orta,sourceReference.note alanı bu veri setinin gerçek kişi/işletme doğrulaması iddia edip etmediği konusunda ne söylemektedir?,728_profiles.json,Evet,Bu bilgi dokümanlarda bulunamadı.,"sourceReference.note açıkça bu veri setinin gerçek kişilerin veya işletmelerin doğrulanmış bir listesi olmadığını, DateBind demo/test popülasyonu için tasarlanmış gerçekçi görünümlü sentetik bir üst küme olduğunu belirtmektedir. | Gerçek kişi/işletmelerin doğrulanmış bir listesi olmadığını, DateBind demo ve test popülasyonu için tasarlanmış sentetik bir veri seti olduğunu ifade eder. | Doğrulanmış gerçek kişiler/işletmeler listesi değildir; demo/test amaçlı gerçekçi görünümlü sentetik bir kümedir.",0.0,0.0,6.1,25.0,3.4,6.1,48.8,Evet,1,FN,Evet,25.61
test_2,47,Orta,Orta,"fieldGuide bölümündeki 'publicContact' açıklaması ile örnek profillerdeki publicContact nesnesinin (phone:null, email:null) içeriği birbiriyle tutarlı mıdır?",728_profiles.json,Evet,Tutarlı.,"Evet, tamamen tutarlıdır. fieldGuide bölümü 'public contact visibility; intentionally no real phone/email' açıklamasını yapmaktadır; incelenen tüm örnek profillerde de phone ve email alanları null, görünürlük bayrakları (phoneVisible, emailVisible) false olup açıklama ile veri birebir örtüşmektedir. | Evet, tutarlıdır. fieldGuide kasıtlı olarak gerçek telefon/e-posta içermediğini belirtir; profillerde de phone/email null ve görünürlükler false olarak tanımlanmıştır. | Evet tutarlıdır; fieldGuide'da belirtilen no real phone/email ilkesi profillerdeki null ve false değerleriyle tam uyumludur.",0.0,0.0,0.0,0.0,0.0,0.0,43.2,Evet,1,TP,Evet,32.53
test_2,48,Orta,Orta,"defaultDurationMinutes alanı ile services dizisindeki bireysel durationMinutes değerleri her zaman birebir eşleşmekte midir, yoksa profil bazında farklılaşabilmekte midir?",728_profiles.json,Evet,Bu bilgi dokümanlarda bulunamadı.,"Hayır, her zaman birebir eşleşmemektedir. Örneğin Mert Keskin profilinde defaultDurationMinutes: 20 iken hizmetlerinin süreleri 30, 20 ve 30 dakikadır; yani defaultDurationMinutes sadece bir varsayılan/gösterge değeridir ve hizmet bazlı özel süreleri geçersiz kılmaz. | Hayır, her zaman eşleşmez. defaultDurationMinutes bir varsayılan değerdir ancak hizmetler kendi özel durationMinutes sürelerine sahip olabilir (örneğin Mert Keskin'de defaultDurationMinutes 20 iken hizmet süreleri 30 ve 20 dakikadır). | Hayır, eşleşmek zorunda değildir; profil ve hizmet bazında farklılaşabilir.",0.0,0.0,0.0,0.0,0.0,0.0,48.1,Evet,1,FN,Evet,32.12
test_2,49,Orta,Orta,"intendedUse listesinde belirtilen 'demo', 'test', 'seed data', 'UI population' kullanım amaçları syntheticOnly=true ayarıyla nasıl bir tutarlılık göstermektedir?",728_profiles.json,Evet,Bu bilgi dokümanlarda bulunamadı.,"Tamamen tutarlıdır. Belirtilen dört kullanım amacı da (demo, test, seed data, UI population) gerçek kullanıcı verisi gerektirmeyen, iç test ve geliştirme amaçlı senaryolardır; bu durum verinin yapay olarak üretildiğini belirten syntheticOnly: true ayarıyla birebir örtüşmektedir. | Tutarlıdır: demo, test, seed data ve UI population senaryoları gerçek kullanıcı verisi gerektirmez ve syntheticOnly: true ayarı ile tam uyumludur. | syntheticOnly: true ayarı ile birebir tutarlıdır; tüm kullanım amaçları sentetik veri senaryolarıdır.",0.0,0.0,5.1,25.0,2.9,5.1,38.1,Evet,1,FN,Evet,26.22
test_2,50,Orta,Orta,"weeklyAvailability dizisinde örnek profillerde yalnızca Pazartesi-Cuma günleri mi aktif görünmektedir, hafta sonu çalışan profil örneği var mıdır?",728_profiles.json,Evet,Bu bilgi dokümanlarda bulunamadı.,"Hayır, hepsi yalnızca Pazartesi-Cuma günleri aktif değildir. Veri setinde 248 profil Cumartesi günü de aktif çalışmaktadır (örneğin 'İyi Güzellik Studio' Salı-Cumartesi 10:00-19:00 çalışmaktadır). Ancak Pazar günü hiçbir profilde aktif değildir; hafta içi + bazı profillerde Cumartesi kombinasyonu bulunmaktadır. | Hayır, sadece hafta içi değildir; 248 profil Cumartesi günleri de aktiftir (örneğin İyi Güzellik Studio). Pazar günü ise hiçbir profilde aktif görünmemektedir. | Cumartesi günü çalışan profiller mevcuttur (248 profil, örn. İyi Güzellik Studio); Pazar günü hiçbir profil çalışmamaktadır.",0.0,0.0,0.0,0.0,0.0,0.0,40.0,Evet,1,FN,Evet,41.8
test_2,51,Zor,Zor,sectorDistribution içindeki 22 sektörün profil sayılarını gösteren bir grafik oluşturduğunuzda toplamın statistics.profileCount değeri olan 728'e eşit olup olmadığı nasıl doğrulanır?,728_profiles.json,Evet,"sectorDistribution içindeki 22 sektörün profil sayılarının toplamı 728'e eşit olduğunun doğruluğunu doğrulamak için, her sektörün profil sayısını toplayıp 728 ile karşılaştırabiliriz. Bu toplamın 728'e eşit olması gerekmektedir.","Evet, sektör dağılımı toplamı tam olarak 728'e eşittir. 19 sektörde 32 profil (19 × 32 = 608) ve 3 sektörde 40 profil (3 × 40 = 120) yer alır; toplamda 608 + 120 = 728 bulunur ve profileCount değeri doğrulanır. Ayrıca ortalama meslek sayısı 91 meslek / 22 sektör ≈ 4.14 meslek/sektördür (çoğu sektörde 4, Sağlık/Spor ve Fitness/Eğitim ve Özel Ders sektörlerinde 5 meslek vardır). | 19×32 + 3×40 = 608 + 120 = 728 eşitliği ile doğrulanır. | Tüm sektörlerin profil sayıları toplandığında 728 değerine ulaşılır (19*32 + 3*40 = 608 + 120 = 728).",0.0,0.0,13.7,24.1,9.6,12.0,81.0,Evet,1,TP,Evet,61.26
test_2,52,Zor,Zor,"22 sektörden 3 tanesinin (Sağlık, Spor ve Fitness, Eğitim ve Özel Ders) 40 profille diğerlerinden fazla temsil edilmesini bir dağılım grafiğinde görselleştirdiğinizde, bu dengesizliğin veri setinin sektörel analizine olası etkisi nedir?",728_profiles.json,Evet,"Sağlık, Spor ve Fitness, Eğitim ve Özel Ders sektörlerinin 40 profil sayısının diğer sektörlerden daha fazla temsil ettiğine göre, veri setinde bir dengesizlik oluşmuş olabilir. Bu durum, kullanıcıların diğer sektörlerdeki profesyonelleri aramakta zorlanmalarına ve mevcut müşterilerini kaybetmelerine yol açabilirken, sağlık sektöründe ise profesyonellerin daha fazla bulunmasına neden olabilir. Bu dengesizlik, toplam 0 diğer sektörlerden fazla sayı ile birlikte görselleştirilebilir.","Bu 3 sektör (%40 daha fazla profil, 40 vs 32 profil, ~%25 fark) toplam veri setinin biraz daha büyük bir dilimini oluşturur. Dağılım yine de oldukça dengelidir ve ciddi bir çarpıklık yaratmaz; sektörler arası karşılaştırmalı analizlerde hafif bir ağırlık farkı yaratabilir ancak örneklem büyüklüğünü bozacak düzeyde değildir. | Bu 3 sektörün 40 profile sahip olması (%25 fazlalık), sektörel analizlerde hafif bir temsil ağırlığı oluştursa da genel dağılım dengelidir ve analizi bozacak düzeyde bir çarpıklık yaratmaz. | Genel ortalamalar ve analizler üzerinde bu üç sektörün hafif bir ağırlık farkı oluşur ancak örneklem dengesi korunur.",0.0,0.0,18.9,16.9,21.3,11.3,75.5,Evet,1,TP,Evet,116.69
test_2,53,Zor,Zor,"Aynı occupation'a (Yetenek Yönetimi Uzmanı) sahip Sinem Arslan, Umut Aslan ve Emre Korkmaz profillerinin appointmentSettings değerlerini (minimumNoticeHours, cancellationNoticeHours, autoApproveRequests) gruplu bir çubuk grafikle karşılaştırdığınızda ortaya çıkan varyasyon veri setinin gerçekçilik tasarımına nasıl katkı sağlamaktadır?",728_profiles.json,Evet,Bu bilgi dokümanlarda bulunamadı.,"Üç profilin minimumNoticeHours (Sinem: 12, Umut: 4, Emre: 6), cancellationNoticeHours (Sinem: 12, Umut: 24, Emre: 24) ve autoApproveRequests (Sinem: false, Umut: true, Emre: true) değerlerinin hepsi farklılık gösterir. Aynı meslekte bile ayarların dağıtılmış ve değişken olması, gerçek dünyada farklı sağlayıcıların farklı işleyiş tercihlerini taklit eder ve sentetik profillerin klon gibi görünmesini engeller. | Sinem Arslan, Umut Aslan ve Emre Korkmaz'ın randevu ayarlarındaki varyasyon, gerçek dünyadaki farklı sağlayıcı tercihlerini yansıtarak sentetik verinin gerçekçiliğini artırır ve klon profil görünümünü engeller. | Aynı meslekteki uzmanların farklı randevu sürelerine ve onay politikalarına sahip olması sentetik verinin tekdüze/klon olmasını engeller ve gerçekçilik kazandırır.",0.0,0.0,0.0,0.0,0.0,0.0,39.7,Evet,1,FN,Evet,273.69
test_2,54,Zor,Zor,profileCode alanının 'DB-' önekli 8 karakterlik alfanümerik yapısı ile slug alanındaki kod parçası arasındaki ilişki nasıl kurulmaktadır; bu iki alan birlikte profilin benzersizliğini nasıl garanti eder?,728_profiles.json,Evet,Bu bilgi dokümanlarda bulunamadı.,"profileCode 'DB-' + 8 karakterlik rastgele alfanümerik koddur (örn. DB-ZD5HGKSC); slug ise bu kodun son kısmını küçük harfe çevirip isimle birleştirir (ozge-tas-zd5hgksc). profileCode veritabanında tekilliği garanti ederken, slug hem SEO dostu hem de insan tarafından okunabilir benzersiz bir URL anahtarı sağlar. | profileCode ('DB-' + 8 alfanümerik karakter) benzersizliği garanti eder; slug ise bu kod parçasını küçük harfli ad-soyad ile birleştirerek hem benzersiz hem SEO-dostu URL anahtarı oluşturur. | profileCode benzersizliği sağlar, slug ise bu kodun son kısmını isimle birleştirip SEO-dostu ve insan-okunur tekil URL anahtarı sunar.",0.0,0.0,7.7,25.0,4.5,7.7,40.7,Evet,1,FN,Evet,25.51
test_2,55,Zor,Zor,"Aynı occupation (örneğin 'Aile Hekimliği Uzmanı') farklı şehirlerdeki profillerde (Özge Taş - Adana, Mert Keskin - Antalya) hangi alanlar (experience.years, appointmentSettings, weeklyAvailability saatleri) profil bazında farklılaştırılmıştır?",728_profiles.json,Evet,experience.years ve weeklyAvailability saatleri profil bazında farklılaştırılmıştır.,"Sabit kalanlar: headline ve hizmet isimleri/açıklama şablonlarıdır. Değişkenler: experience.years (Özge Taş 3 yıl vs Mert Keskin 13 yıl), appointmentSettings (autoApprove, notice ve cancellation saatleri), weeklyAvailability saatleri (09:00-17:00 vs 09:30-18:00), location ve about metnindeki şehir/deneyim bilgileridir. | experience.years (3 vs 13), appointmentSettings (autoApprove ve bildirim saatleri), weeklyAvailability çalışma saatleri (09:00-17:00 vs 09:30-18:00), location ve about metinlerindeki şehir/deneyim alanları profil bazında farklılaştırılmıştır. | Deneyim yılları (experience.years), randevu ayarları (appointmentSettings), haftalık çalışma saatleri (weeklyAvailability), lokasyon ve about metni farklılaştırılmıştır.",0.0,0.0,50.0,75.0,37.5,37.2,84.6,Evet,1,TP,Evet,37.78
test_2,56,Zor,Zor,"schemaVersion 1.1 olarak belirtilmiş olması, veri setinin ileride hangi alanlarda versiyon değişikliğine gidebileceğine dair ne tür bir çıkarım yapılmasına imkan tanır?",728_profiles.json,Evet,Bu bilgi dokümanlarda bulunamadı.,"Gelecekteki versiyon değişikliklerinin: yeni sektör veya mesleklerin eklenmesi, publicContact alanının gerçek verilerle doldurulması, hafta sonu/tatil kurallarının genişletilmesi, profileType için yeni kategorilerin (örn. 'kurum/klinik') eklenmesi gibi yapısal değişikliklerde gerçekleşebileceğini gösterir; schemaVersion bu tür yapısal değişikliklerde artırılır. | Şemanın gelecekte yeni sektör/meslekler ekleme, publicContact'a gerçek bilgiler koyma, hafta sonu kuralları tanımlama veya yeni profil tipleri ekleme gibi yapısal geliştirmelere açık olduğunu ve schemaVersion ile versiyonlanacağını gösterir. | Yeni sektör/meslek eklenmesi, publicContact verileri, hafta sonu kuralları veya yeni profil tipleri eklendiğinde schemaVersion güncellenecektir.",0.0,0.0,4.7,25.0,2.6,4.7,36.5,Evet,1,FN,Evet,26.39
test_2,57,Zor,Zor,"728 profil içinde her sektördeki ortalama meslek (occupation) sayısını bir grafikle gösterdiğinizde, occupationCount/sectorCount oranı sektörler arasında nasıl bir dağılım gösterir?",728_profiles.json,Evet,"728 profil içinde her sektördeki ortalama meslek sayısının 33.09 olduğu ve toplam sektör sayısının 22 olduğu gözlemlendi.occupationCount/sectorCount oranı 1.50 olduğuna göre, bu oranı yansıtmak için bir grafik oluşturabiliriz. Bu grafikte, her sektörün ortalama meslek sayısının 33.09 olduğunu ve bu sayının toplam sektör sayısına (22) göre 1.50 oranında olduğunu gösterecektir.","728 profil arasında hiçbir occupation birden fazla sektörde tekrarlanmaz; her meslek tam olarak tek bir sektöre bağlıdır (91 meslek, 22 sektöre kesin dağılmış, çakışma yoktur). Ortalama oran 91 meslek / 22 sektör ≈ 4.14 meslek/sektördür (çoğu sektörde 4, Sağlık/Spor ve Fitness/Eğitim ve Özel Ders sektörlerinde 5 meslek vardır) ve homojen dağılmıştır. | 91 meslek / 22 sektör ≈ 4.14 meslek/sektör. Hiçbir meslek birden fazla sektörde tekrarlanmaz; 91 meslek 22 sektöre homojen ve çakışmasız olarak dağılmıştır. | 91/22 ≈ 4.14. Her meslek tek bir sektöre bağlıdır, çakışma yoktur ve dağılım dengelidir.",0.0,0.0,22.8,23.2,22.4,15.8,81.2,Evet,1,TP,Evet,55.38
test_2,58,Zor,Zor,"about metin şablonunun ('...olarak X yıllık mesleki deneyimle Y bölgesinde randevulu hizmet veriyorum...') farklı profillerde tekrarlanan yapısı, veri setinin sentetik (template tabanlı) üretim yöntemine dair ne gibi ipuçları vermektedir?",728_profiles.json,Evet,Bu bilgi dokümanlarda bulunamadı.,"Bu şablon yapısı ('...olarak X yıllık mesleki deneyimle Y bölgesinde randevulu hizmet veriyorum...') veri setinin prosedürel ve şablon tabanlı (template-based) üretildiğini gösterir: sabit bir cümle iskeletine değişken alanlar (meslek adı, deneyim yılı, bölge) yerleştirilerek 728 farklı ancak yapısal olarak benzer metin üretilmiştir. | Veri setinin şablon tabanlı (template-based) ve prosedürel üretildiğini gösterir; sabit bir cümle kalıbına meslek adı, deneyim yılı ve bölge parametreleri yerleştirilerek 728 metin türetilmiştir. | Prosedürel/şablon tabanlı üretim yöntemini gösterir: Sabit bir metin iskeletine değişken alanlar yerleştirilmiştir.",0.0,0.0,4.2,25.0,2.3,4.2,36.8,Evet,1,FN,Evet,26.84
test_2,59,Zor,Zor,"exactAddressPublic:false ayarı ile serviceArea alanındaki genel bölge bilgisi (ör. 'Yüreğir, Adana') arasındaki tasarım kararı, gizlilik (privacy-by-design) ilkesini nasıl yansıtmaktadır?",728_profiles.json,Evet,"Gizlilik ilkelerini yansıtmak için, exactAddressPublic:False ayarı ile hizmet alanının (serviceArea) belirli bir adres yerine genel bir bölge adı (örneğin 'Yüreğir, Adana') kullanılması, kişisel bilgilerin korunmasına yardımcı olur. Bu, kullanıcıların konumunu belirginleştirmekten kaçınmalarına ve gerekli olan genel bölge bilgisini sağlar. Bu yaklaşım, gizlilik ve güvenliği ön planda tutar.","exactAddressPublic: false ayarı ile birlikte sadece ilçe/il düzeyinde (serviceArea) genel bölge bilgisi paylaşılması, kullanıcıların genel lokasyonu görmesine izin verirken açık/tam adres gibi hassas ve tanımlayıcı bilgileri gizleyen bilinçli bir gizlilik tasarımı (privacy-by-design) örneğidir. | exactAddressPublic: false ile tam adres gizlenirken sadece ilçe/il düzeyinde serviceArea sunulması, kullanıcı gizliliğini koruyan bilinçli bir privacy-by-design (tasarımdan gelen gizlilik) yaklaşımıdır. | Tam adres gibi hassas veriyi gizleyip sadece ilçe/il düzeyinde genel konum vererek gizliliği (privacy-by-design) korur.",0.0,0.0,29.2,27.1,31.7,22.5,83.2,Evet,1,TP,Evet,40.07
test_2,60,Zor,Zor,Profillerin deneyim yıllarını (experience.years) bir histogramla görselleştirdiğinizde veri setindeki deneyim dağılımı nasıl bir eğilim göstermektedir?,728_profiles.json,Evet,"Profillerin deneyim yıllarını bir histogramla görselleştirdiğinizde, deneyim süresi 9-10 yıl arasındaki profiller en yüksek frekansa sahipken, 19 yıl deneyimli profiller ikincil maksimuma sahip bir dağılım göstermektedir. Deneyim süresi 20 ve üzerinde olanlar az sayıda gözüküyor.",Deneyim yılları 2 ile 22 yıl arasında değişmektedir; dağılım nispeten düzgün/üniformdur (her yıl için yaklaşık 26-42 profil) ve belirgin bir çan eğrisi yoktur (deneyim yılları sistematik olarak eşit dağıtılmıştır). Ayrıca profil türleri 599 'individual' ve 129 'business' olmak üzere iki değer alır. | Deneyim yılları 2-22 arasında düzgün/üniform bir dağılım göstermektedir (yıl başına ~26-42 profil) ve belirgin bir tepe/çan eğrisi bulunmamaktadır. | 2 ile 22 yıl arasında üniform (düzgün) dağılım sergiler; her yıl için yaklaşık 26-42 profil yer alır.,0.0,0.0,25.4,21.6,30.8,19.0,80.8,Evet,1,TP,Evet,128.15
test_3,61,Kolay,Kolay,Fourier dönüşümünün ileri yöndeki (forward) tanımı X(jω) hangi integral ile verilir?,lsarSist-H8_FourierTransform.pdf,Evet,-∞ x(t)e^(-jωt) dt,"X(jω) = ∫₋∞^∞ x(t)e^(-jωt) dt. Zaman domenindeki x(t) işareti, tüm t değerleri üzerinden e^(-jωt) ile çarpılıp integre edilerek frekans domenindeki karşılığı elde edilir. | X(jω) = ∫ x(t) e^{-jωt} dt (-∞ ile +∞ aralığında) | X(jω) = ∫_{-\infty}^{\infty} x(t) e^{-j\omega t} dt | X(jω) = integral(-inf, inf) x(t) e^(-jωt) dt",0.0,0.0,66.7,87.5,53.8,66.7,80.6,Evet,1,TP,Evet,27.21
test_3,62,Kolay,Kolay,Ters Fourier dönüşümü (inverse direction) formülünde 1/2π çarpanı nerede yer alır?,lsarSist-H8_FourierTransform.pdf,Evet,1/2π çarpanı ters Fourier dönüşümü formülünde yer almaz.,Ters dönüşüm: x(t) = (1/2π) ∫₋∞^∞ X(jω)e^(jωt) dω. 1/2π çarpanı integralin önünde yer alır; bunun nedeni ω'nın frekans (rad/s) cinsinden olması ve dönüşümün simetrisini korumak için gereken normalizasyondur. | Ters dönüşüm integralinin başında (x(t) = (1/2π) ∫ X(jω) e^{jωt} dω) yer alır. | İntegralin önünde çarpan olarak yer alır: 1/(2π). | Ters Fourier dönüşümünde integralin önündedir.,0.0,0.0,42.1,40.0,44.4,31.6,66.7,Evet,1,TP,Evet,25.44
test_3,63,Kolay,Kolay,x(t)=e^{-at}u(t) nedensel üstel işaretinin Fourier dönüşümü hangi koşul altında (Re{a}>0) X(jω)=1/(a+jω) olarak bulunur?,lsarSist-H8_FourierTransform.pdf,Evet,Bu bilgi dokümanlarda bulunamadı.,x(t)=e^(-at)u(t) için X(jω) = ∫₀^∞ e^(-(a+jω)t) dt integrali hesaplanır. Üst sınırda (t→∞) e^(-at)e^(-jωt) teriminin sıfıra gitmesi için Re{a}>0 gereklidir; bu durumda sonuç X(jω)=1/(a+jω) olur. Aksi halde (Re{a}≤0) integral ıraksar ve dönüşüm mevcut olmaz. | Re{a} > 0 koşulu altında | Re{a} > 0 | Re(a) > 0 olduğunda | a'nın reel kısmı sıfırdan büyük olduğunda (Re{a} > 0).,0.0,0.0,2.7,25.0,1.4,2.7,42.8,Evet,1,FN,Evet,30.85
test_3,64,Kolay,Kolay,Analiz (analysis) ve sentez (synthesis) işlemleri Fourier dönüşümü bağlamında nasıl tanımlanmıştır?,lsarSist-H8_FourierTransform.pdf,Evet,"Analiz işlemi, sinyal x(t)'in spektral bilgilerini çıkarır; sentez işlemi ise sinyalın zaman alandaki formunu eski spektral bilgilere göre oluşturur.","Analiz: x(t) zaman domeni işaretinden X(jω) frekans/spektrum bilgisinin çıkarılması işlemidir (ileri dönüşüm). Sentez: X(jω) spektral bilgisinden x(t) zaman domeni işaretinin yeniden oluşturulmasıdır (ters dönüşüm). | Analiz (Analysis), x(t) işaretinden spektrum bilgisini çıkarır; Sentez (Synthesis) ise spektral bilgiden zaman bölgesi işaretini x(t) yeniden oluşturur. | Analiz: frekans spektrumunu çıkarır; Sentez: spektrumdan zaman işaretini oluşturur.",0.0,0.0,43.9,42.9,45.0,39.0,87.4,Evet,1,TP,Evet,25.86
test_3,65,Kolay,Kolay,F{1}=2πδ(ω) eşitliği hangi özellikten (Dirac delta'nın sifting property'si) yararlanılarak elde edilmiştir?,lsarSist-H8_FourierTransform.pdf,Evet,Dirac delta'nın sifting property'sinden kullanılarak elde edilmiştir.,"Dirac delta fonksiyonunun sifting (eleme) özelliği kullanılmıştır: ∫ δ(t-t₀)f(t)dt = f(t₀). Bu özellik, F{1} hesabında ters dönüşüm integralinin bir Dirac delta ile eşleştirilmesini sağlayarak F{1}=2πδ(ω) sonucuna ulaştırır. | Dirac delta'nın sifting (eleme/süzme) özelliği ve ters Fourier dönüşümünün doğrusallığından (linearity) yararlanılarak elde edilmiştir. | Sifting property ve doğrusallık (linearity) özelliklerinden.",0.0,0.0,46.2,66.7,35.3,46.2,85.7,Evet,1,TP,Evet,30.26
test_3,66,Kolay,Kolay,"Bir x(t) işaretinin Fourier dönüşümünün var olabilmesi için gerekli üç koşuldan biri olan ""mutlak integrallenebilirlik"" ne anlama gelir?",lsarSist-H8_FourierTransform.pdf,Evet,"Bir x(t) işaretinin Fourier dönüşümünün var olabilmesi için mutlak integrallenebilirlik, x(t) işaretinin her zaman sınırlıdır ve toplamının sonsuz olmaması anlamına gelir.",Mutlak integrallenebilirlik: ∫₋∞^∞ |x(t)| dt integralinin sonlu (yakınsak) bir değer vermesi anlamına gelir; yani işaretin genliğinin zaman boyunca toplamı sınırlıdır. Bu koşul sağlanmazsa Fourier dönüşüm integrali ıraksayabilir. | ∫ |x(t)| dt < ∞ olması (işaretin -∞ ile +∞ arasındaki mutlak alanının sonlu olması) anlamına gelir. | İşaretin mutlak değerinin integralinin sonlu olmasıdır: ∫|x(t)|dt < ∞.,0.0,0.0,38.5,43.5,34.5,23.8,79.8,Evet,1,TP,Evet,34.64
test_3,67,Kolay,Kolay,"cos(t), sin(t) ve u(t) işaretleri neden klasik Fourier dönüşüm koşullarını sağlamaz?",lsarSist-H8_FourierTransform.pdf,Evet,"cos(t), sin(t) ve u(t) işaretleri klasik Fourier dönüşüm koşullarını sağlamaz çünkü sonsuz süreli-signallar olan bu işaretlerin mutlak değerli integrali sonsuzdur. Bu nedenle, klasik Fourier dönüşüm teoremine uyan fonksiyonlar olarak kabul edilemezler.","cos(t), sin(t) ve u(t) işaretleri sonsuza kadar salınım yaptığı veya sabit kaldığı için mutlak integrallenebilir değildir (∫|x(t)|dt sonsuza gider); bu nedenle klasik Fourier dönüşümü koşullarını sağlamazlar. Bunlar için dönüşüm, Dirac delta fonksiyonları kullanılarak genelleştirilmiş biçimde tanımlanır. | Mutlak integrallenebilir olmadıkları (integralleri sonlu olmadığı, ∫|x(t)|dt = ∞ olduğu) için klasik Fourier dönüşüm koşullarını sağlamazlar. | Mutlak integrallenebilirlik koşulunu sağlamazlar (alanları sonsuzdur).",0.0,0.0,38.5,41.7,35.7,35.9,86.5,Evet,1,TP,Evet,30.73
test_3,68,Orta,Orta,"x(t) işaretinin Fourier dönüşümünün var olması için gereken üç koşulu (single-valued, piecewise continuous, absolutely integrable) birlikte açıklayınız.",lsarSist-H8_FourierTransform.pdf,Evet,"Fourier dönüşümünün var olması için x(t) işaretinin üç koşulu şöyledir: tek değerli olması, parçalı sürekli olması ve mutlak entegre edilebilir olması. Bu koşulların tümü karşılandığında Fourier dönüşümünün var olduğunu söyleyebiliriz.","Üç koşul birlikte: (1) x(t) herhangi bir sonlu zaman aralığında tek değerli olmalı ve sonlu sayıda maksimum-minimuma sahip olmalı; (2) x(t) parçalı süreklidir, yani sonlu zaman aralığında sonlu sayıda süreksizlik noktası olmalı; (3) x(t) mutlak integrallenebilir olmalıdır (∫|x(t)|dt < ∞). Bu üç koşul (Dirichlet koşulları), bir işaretin klasik anlamda Fourier dönüşümünün var olabilmesi için yeterlidir. | 1. Tek değerli (single-valued) olması ve sonlu maksimum/minimuma sahip olması, 2. Parçalı sürekli (piecewise continuous, sonlu sayıda süreksizliğe sahip) olması, 3. Mutlak integrallenebilir (∫ |x(t)| dt < ∞) olmasıdır. | Tek değerli olma, parçalı sürekli olma ve mutlak integrallenebilir olma (Dirichlet) koşullarıdır.",0.0,0.0,34.4,35.5,33.3,27.9,87.1,Evet,1,TP,Evet,29.72
test_3,69,Orta,Orta,rect(t/τ) işaretinin Fourier dönüşümünün sinc fonksiyonu ile ifade edilme süreci nasıl gerçekleşir?,lsarSist-H8_FourierTransform.pdf,Evet,"rect(t/τ) işaretinin Fourier dönüşümü sinc fonksiyonu ile ifade edilme süreci, duality özelliği kullanılarak gerçekleştirilir. Bu özellik, rect(t/τ) işaretinin Fourier dönüşümünün 2π ile çarpmalı olarak  sinc(-ω/τ) ifadesine karşılık geldiğini gösterir. Bu nedenle, rect(t/τ)  2π sinc(ωτ/2) ilişkisi elde edilir. Cevabı vermek gerekirse: rect(t/τ)  2π sinc(ωτ/2)","rect(t/τ) fonksiyonunun Fourier dönüşümü, tanım integralinde sınırların -τ/2 ile τ/2 arasına indirgenmesiyle hesaplanır: ∫₋τ/2^τ/2 e^(-jωt) dt. Bu integral (e^(-jωτ/2) - e^(jωτ/2))/(-jω) şeklinde çözülür, sin fonksiyonu cinsinden düzenlenip τ ile çarpılarak τ·sinc(ωτ/2) biçimine getirilir. | -τ/2 ile τ/2 arasında e^{-jωt} integralinin alınmasıyla (2/ω)sin(ωτ/2) elde edilir ve bu terim τ sinc(ωτ / 2π) veya τ sinc(ωτ/2) biçiminde yazılır. | İntegral sınırları -τ/2 ile τ/2 alınarak çözülür ve τ sinc(ωτ/2) elde edilir.",0.0,0.0,42.2,33.8,56.1,29.5,83.5,Evet,1,TP,Evet,31.6
test_3,70,Orta,Orta,cos(ω0t) işaretinin Fourier dönüşümünün π[δ(ω-ω0)+δ(ω+ω0)] biçiminde elde edilme adımları nelerdir?,lsarSist-H8_FourierTransform.pdf,Evet,"Fourier dönüşümünün elde edilme adımları şöyledir: cos(ω0t) ifadesini kompleks üstel fonksiyonlar olarak yazarak, \(\frac{1}{2} e^{j\omega_0t} + \frac{1}{2} e^{-j\omega_0t}\) formunda yazılır ve bu ifadeye Fourier dönüşümünü uygularak \(\pi[\delta(\omega-\omega_0) + \delta(\omega+\omega_0)]\) şeklinde elde edilir.",cos(ω0t) önce Euler formülüyle (e^(jω0t)+e^(-jω0t))/2 olarak yazılır. F{1}=2πδ(ω) sonucu ve frekans-kaydırma özelliği kullanılarak her bir üstel terimin dönüşümü δ(ω∓ω0) olarak bulunur; toplamda X(jω)=π[δ(ω-ω0)+δ(ω+ω0)] elde edilir. | cos(ω0t) = (1/2)(e^{jω0t} + e^{-jω0t}) Euler açılımı yapılır; her iki üstel terime Fourier dönüşümü (2π δ(ω±ω0)) uygulanarak π[δ(ω-ω0) + δ(ω+ω0)] elde edilir. | Euler formülü ile (e^{jω0t}+e^{-jω0t})/2 şeklinde açılır ve Dirac delta çiftleri uygulanır.,0.0,0.0,35.8,29.2,46.3,34.0,85.7,Evet,1,TP,Evet,29.53
test_3,71,Orta,Orta,Nedensel üstel işaretin Fourier dönüşümü türetilirken lim(t→∞) e^{-at}e^{-jωt} teriminin sıfıra gitmesi neden Re{a}>0 koşuluna bağlıdır?,lsarSist-H8_FourierTransform.pdf,Evet,"Re{a} > 0 koşuluna bağlı çünkü a + jω teriminin reel kısmı pozitif olduğunda, e^(-at) terimi sonsuz zaman boyunca azalır ve sıfıra yaklaşırlar. Bu, Fourier dönüşümünün converge etmesini sağlar. Eğer Re{a} ≤ 0 olursa, e^(-at) terimi sabit veya artan kalabilir ve integral converge etmez.","Re{a}>0 olduğunda e^(-at) terimi t→∞ giderken üstel olarak sıfıra yaklaşır (decay); e^(-jωt) terimi ise sadece salınım yapar (oscillates), genliğini değiştirmez. Bu nedenle çarpımın limiti, decay eden e^(-at) teriminin baskınlığıyla sıfıra gider; Re{a}≤0 olsaydı terim sönmez veya büyürdü. | e^{-at} ifadesinin genliği e^{-Re{a}t} terimine bağlıdır; t sonsuza giderken bu terimin sıfıra sönümlenmesi (decay) yalnızca Re{a} > 0 olduğunda gerçekleşir. | Re{a} > 0 olduğunda e^{-Re{a}t} terimi t sonsuza giderken sıfıra yakınsar.",0.0,0.0,41.5,41.5,41.5,35.1,75.7,Evet,1,TP,Evet,33.76
test_3,72,Orta,Orta,X(jω)=1/(a+jω) ifadesinin genlik-faz (magnitude-phase) formu nasıl elde edilir?,lsarSist-H8_FourierTransform.pdf,Evet,"X(jω) = 1/(a+jω) ifadesinin genlik-faz formu: 1/X(jω) = a + jω
Re{a} > 0 olduğunda genlik faz formu: 1 1 1
X(jω) = = = a + jω Re{a}2 + (ω+Im{a})2 faz açısı: ÐX(jω) = −tan⁻¹((ω+Im{a}) / Re{a})","X(jω)=1/(a+jω) ifadesi karmaşık sayı formunda olduğundan, genlik |X(jω)|=1/|a+jω| paydanın modülü alınarak, faz ise ∠X(jω)=∠1-∠(a+jω) şeklinde payın ve paydanın açılarının farkı alınarak elde edilir. | Genlik |X(jω)| = 1 / √(Re{a}² + (ω+Im{a})²), Faz ∠X(jω) = -tan^{-1}((ω+Im{a}) / Re{a}) olarak elde edilir. | |X(jω)| = 1/√(Re{a}^2 + (ω+Im{a})^2) ve ∠X(jω) = -arctan((ω+Im{a})/Re{a}).",0.0,0.0,60.9,49.3,79.5,57.9,87.3,Evet,1,TP,Evet,31.96
test_3,73,Orta,Orta,Nedensel üstel işaretin Fourier dönüşümünün faz açısı ∠X(jω) hangi ifade ile hesaplanır?,lsarSist-H8_FourierTransform.pdf,Evet,-atan((ω+Im{a})/Re{a}),"∠X(jω) = -tan⁻¹((ω+Im{a})/Re{a}) ifadesiyle hesaplanır; bu, a+jω karmaşık sayısının açısının negatifidir (çünkü pay 1 gerçel sayıdır, açısı sıfırdır). | ∠X(jω) = -tan^{-1}((ω + Im{a}) / Re{a}) (veya a reel ve 1 ise -tan^{-1}(ω)) | -tan^{-1}((ω+Im{a})/Re{a}) | -arctan(ω/a)",0.0,0.0,80.0,92.3,70.6,80.0,85.5,Evet,1,TP,Evet,32.48
test_3,74,Orta,Orta,"Fourier dönüşümünün ""memoryless"", ""causal"" ve ""linear"" sistem özellikleriyle ilişkisi nasıl açıklanmıştır?",lsarSist-H8_FourierTransform.pdf,Evet,"Fourier dönüşümünün ""memoryless"" özelliğiyle ilgili olarak, actually requires infinite memory denildiği belirtilmiştir. ""Causal"" özelliği de doğrudan belirtilmiştir. ""Linear"" özelliği ise doğrudan belirtilmiştir.","Fourier dönüşümü memoryless bir işlem gibi görünse de aslında tüm zaman ekseni üzerinden integral aldığı için sonsuz belleğe ihtiyaç duyar; nedenseldir çünkü sadece geçmiş ve şimdiki zaman bilgisini (t'nin tüm değerlerini, kavramsal olarak) kullanır; doğrusaldır çünkü toplama ve sabitle çarpma işlemlerini korur; ancak zamanla değişmezlik (time-invariant) kavramı doğrudan uygulanabilir değildir. | Doğrusaldır (Linear: Evet), ancak belleksiz değildir (Memoryless: Hayır, sonsuz bellek gerektirir) ve nedensel değildir (Causal: Hayır). | Linear (Doğrusal) özelliğini sağlar; Memoryless ve Causal özelliklerini sağlamaz.",0.0,0.0,19.4,13.6,33.3,12.9,79.0,Evet,1,TP,Evet,29.13
test_3,75,Orta,Orta,Fourier dönüşümünün bir işaret hakkında ne söylediği ve ne söylemediği (frekans içeriği vs. zaman bilgisi) nasıl özetlenmiştir?,lsarSist-H8_FourierTransform.pdf,Evet,Fourier dönüşümünün bir işaret hakkında frekans içeriğini ölçer ancak zaman bilgisini vermez.,"Fourier dönüşümü bir işaretin hangi frekans bileşenlerini içerdiğini (frekans içeriğini) ölçer, ancak bu frekansların zaman içinde ne zaman meydana geldiğini söylemez — yani zamansal konum bilgisini kaybeder. | İşaretin hangi frekans bileşenlerini (frekans içeriğini) içerdiğini söyler; ancak bu frekansların zaman ekseninde tam olarak ne zaman meydana geldiğini söylemez. | Frekans içeriğini söyler, frekansların hangi zamanda gerçekleştiğini söylemez.",0.0,0.0,42.1,66.7,30.8,42.1,88.2,Evet,1,TP,Evet,31.44
test_3,76,Orta,Orta,Duallik (duality) özelliği ileri ve ters dönüşümlerin benzerliğinden nasıl yararlanmaktadır?,lsarSist-H8_FourierTransform.pdf,Evet,"Duality özelliği, ileri ve ters dönüşümlerin benzerliği sayesinde yeni fonksiyonel ilişkilerin daha kolay şekilde elde edilebilmesine olanak tanır. Örneğin, bir fonksiyonun fourier dönüşümünün tersinin başka bir fonksiyonun dönüşümüne eşit olduğunu hızlıca söyleyebiliriz. Bu, matematiksel analiz ve uygulamalarda zaman ve frekans domenlerinde problem çözmede önemli bir avantaj sağlar.","İleri ve ters dönüşüm formülleri birbirine çok benzer yapıdadır (sadece işaret ve 1/2π çarpanı farklıdır). Bu simetriden yararlanarak, eğer f(t)↔F(ω) biliniyorsa, F(t)↔2πf(-ω) ilişkisi kurulabilir (duallik özelliği). | İleri ve ters dönüşüm integrallerinin form benzerliğinden yararlanarak f(t) ↔ F(ω) ise F(t) ↔ 2π f(-ω) ilişkisini kurar. | f(t) ↔ F(ω) ise F(t) ↔ 2π f(-ω) çiftini oluşturur.",0.0,0.0,14.6,12.8,17.1,9.8,75.8,Evet,1,TP,Evet,36.79
test_3,77,Orta,Orta,rect(t/τ)↔τsinc(ωτ/2) dönüşüm çiftine duallik uygulandığında hangi yeni dönüşüm çifti elde edilir?,lsarSist-H8_FourierTransform.pdf,Evet,τsinc(tτ/2)↔2πrect(ω/τ),rect(t/τ)↔τsinc(ωτ/2) çiftine duallik uygulanınca sinc(t/2)↔2π·rect(-ω/τ) elde edilir; rect(·) çift fonksiyon olduğundan bu sinc(t/2)↔2π·rect(ω/τ) şeklinde sadeleşir. | τ sinc(tτ/2) ↔ 2π rect(ω/τ) | τ sinc(tτ/2) ↔ 2π rect(-ω/τ) = 2π rect(ω/τ) | sinc(t/2) ↔ 2π rect(ω/τ),0.0,0.0,63.2,75.0,54.5,63.2,87.8,Evet,1,TP,Evet,31.78
test_3,78,Orta,Orta,Ölçekleme (scaling) özelliğine göre |a|>1 olduğunda zaman ve frekans eksenlerinde ne tür bir değişim meydana gelir?,lsarSist-H8_FourierTransform.pdf,Evet,"|a| > 1 olduğunda zaman eksenini kompresion yapar, frekans eksenini genişletir.","|a|>1 olduğunda zaman ekseni sıkışır (compress), buna karşılık frekans ekseni genişler (expand). Yani işaret zamanda daha hızlı değişir hale gelirken, spektrumu daha geniş bir frekans bandına yayılır. | Zaman ekseni sıkışır/daralır (compress), frekans ekseni ise genişler (expand). | Zaman ekseninde daralma, frekans ekseninde genişleme meydana gelir.",0.0,0.0,26.3,50.0,17.9,26.3,84.3,Evet,1,TP,Evet,23.55
test_3,79,Orta,Orta,Zaman ekseninde genişleme ile frekans ekseninde daralma (bant genişliği) arasındaki ters orantı nasıl açıklanmıştır?,lsarSist-H8_FourierTransform.pdf,Evet,Bu bilgi dokümanlarda bulunamadı.,"Zaman domenindeki genişlik ile frekans domenindeki genişlik (bant genişliği) ters orantılıdır: f(t) zamanda genişse (yavaş değişiyorsa) spektrumu dardır; f(t) zamanda darsa (hızlı değişiyorsa/ani ise) spektrumu geniştir. Bu, ölçekleme özelliğinin doğal bir sonucudur. | Zaman bölgesindeki süre ile frekans bölgesindeki bant genişliği ters orantılıdır: İşaret zamanda genişledikçe spektrumu daralır, zamanda daraldıkça spektrumu genişler. | f(t) genişledikçe spektrum daralır; f(t) daraldıkça spektrum genişler.",0.0,0.0,5.0,25.0,2.8,5.0,33.5,Evet,1,FN,Evet,31.25
test_3,80,Orta,Orta,Zamanda kaydırma (shifting in time) özelliğine göre bir işaretin gecikmesi Fourier dönüşümünün genliğini mi yoksa fazını mı etkiler?,lsarSist-H8_FourierTransform.pdf,Evet,Fazını etkiler.,"Zamanda kaydırma yalnızca Fourier dönüşümünün fazını etkiler, genliğini (magnitude) değiştirmez. f(t-t0)↔e^(-jωt0)F(ω) ilişkisinde |e^(-jωt0)|=1 olduğundan genlik korunur, faz ise -ωt0 kadar (doğrusal olarak) kayar. | Genliği etkilemez (değiştirmez), yalnızca fazını -ωt0 kadar kaydırarak fazı etkiler. | Yalnızca fazını etkiler (-ωt0 eğimli doğrusal faz ekler), genlik değişmez.",0.0,0.0,30.8,100.0,18.2,30.8,65.1,Evet,1,TP,Evet,24.26
test_3,81,Orta,Orta,Zamanda kaydırma özelliğinin ispatında u=t-t0 değişken dönüşümü nasıl kullanılmıştır?,lsarSist-H8_FourierTransform.pdf,Evet,u = t – t0 değişken dönüşümü ile integralin sınırları değişmez kalmıştır ve yeni integralde -jωt0 faktörü elde edilmiştir. Bu nedenle zamanda kaydırma özelliği ispatı yapılırken integralde -jωt0 eklenerek fourier dönüşümünün fazının etkisi gösterilir.,"u=t-t0 dönüşümü yapıldığında du=dt olur ve integral sınırları değişmez (yine -∞'dan ∞'a). Bu sayede ∫f(t-t0)e^(-jωt)dt integrali, u cinsinden ∫f(u)e^(-jω(u+t0))du = e^(-jωt0)∫f(u)e^(-jωu)du = e^(-jωt0)F(ω) şeklinde sadeleştirilir. | u = t - t0 (t = u + t0, dt = du) dönüşümü uygulanarak e^{-jω(u+t0)} çarpanı e^{-jωt0} e^{-jωu} şeklinde ayrılır ve sabit e^{-jωt0} integralin dışına alınır. | u=t-t0 ve dt=du alınarak e^{-jωt0} çarpanı integral dışına çıkarılır.",0.0,0.0,29.6,22.9,42.1,25.9,67.8,Evet,1,TP,Evet,30.41
test_3,82,Orta,Orta,Zamanda çarpımın frekansta konvolüsyona karşılık geldiği özellik hangi türetme ile gösterilmiştir?,lsarSist-H8_FourierTransform.pdf,Evet,Bu bilgi dokümanlarda bulunamadı.,"y(t)=f(t)cos(ω0t) modülasyon örneğinde, zaman domenindeki çarpımın Fourier dönüşümünün, frekans domeninde bir konvolüsyon integraline karşılık geldiği; y(t)=∫x(τ)(t-τ)dτ türünden bir ilişki üzerinden gösterilmiştir; buradan Y(ω)=(1/2π)[F(ω)*F{cos(ω0t)}] türetilmiştir. | y(t) = f(t)cos(ω0t) işaretinin Fourier dönüşümünde Y(ω) = (1/2π) [F(ω) * (πδ(ω+ω0) + πδ(ω-ω0))] konvolüsyon integrali ve Dirac delta kaydırma özelliği ile gösterilmiştir. | Y(ω) = (1/2π) F(ω) * F{cos(ω0t)} frekans konvolüsyonu türetimiyle gösterilmiştir.",0.0,0.0,0.0,0.0,0.0,0.0,35.4,Hayır,0,FN,Evet,28.63
test_3,83,Orta,Orta,Sinüzoidal genlik modülasyonunda (y(t)=f(t)cos(ω0t)) elde edilen Y(ω) ifadesi F(ω) cinsinden nasıl yazılır?,lsarSist-H8_FourierTransform.pdf,Evet,Y(ω) = ½ F(ω+ω0) + ½ F(ω−ω0),"Y(ω) = (1/2)[F(ω-ω0) + F(ω+ω0)] şeklinde yazılır; yani orijinal spektrum F(ω), ±ω0 etrafına kaydırılmış iki kopyanın toplamı (yarım genlikte) olarak ifade edilir. | Y(ω) = (1/2) F(ω+ω0) + (1/2) F(ω-ω0) | Y(ω) = 0.5 * F(ω+ω0) + 0.5 * F(ω-ω0) | (1/2)[F(ω-ω0) + F(ω+ω0)]",0.0,0.0,60.0,75.0,50.0,60.0,95.8,Evet,1,TP,Evet,34.12
test_3,84,Orta,Orta,Sinüzoidal genlik modülasyonunda demodülasyon (f(t)'nin geri kazanılması) hangi iki adımdan oluşur?,lsarSist-H8_FourierTransform.pdf,Evet,"Demodülasyon, modülasyonun ardından düşük geçiş filtreleme ile f(t)'nin geri kazanılması adımlarından oluşur.","Demodülasyon iki adımdan oluşur: (1) y(t)'nin tekrar cos(ω0t) ile çarpılması (modülasyon), (2) elde edilen sinyalin alçak geçiren filtreden (lowpass filter) geçirilerek yüksek frekans bileşenlerinin (2ω0 civarındaki) elenmesi ve orijinal f(t)'nin geri kazanılması. | Modülasyon (cos(ω0t) ile yeniden çarpma) ve ardından alçak geçiren filtreleme (lowpass filtering) adımlarından oluşur. | Modülasyon ve alçak geçiren filtreleme (lowpass filtering).",0.0,0.0,34.5,35.7,33.3,27.6,85.3,Evet,1,TP,Evet,33.88
test_3,85,Orta,Orta,Frekans-kaydırma özelliğine göre e^{jω0t}f(t) işaretinin Fourier dönüşümü F(ω) cinsinden nasıl ifade edilir?,lsarSist-H8_FourierTransform.pdf,Evet,2π F(ω-ω0),"e^(jω0t)f(t) ↔ F(ω-ω0) ilişkisi geçerlidir; yani zaman domeninde bir üstel ile çarpım, frekans domeninde spektrumun ω0 kadar kaydırılmasına karşılık gelir. | F(ω - ω0) | F(ω-ω0) | 2π F(ω - ω0) | F(ω - ω0) şeklinde frekansta sağa ötelenmiş olarak ifade edilir.",100.0,100.0,100.0,100.0,100.0,100.0,98.3,Evet,1,TP,Evet,31.39
test_3,86,Orta,Orta,cos(ω0t)f(t) işaretinin frekans-kaydırma özelliği kullanılarak elde edilen Fourier dönüşümü hangi iki terimin toplamı şeklindedir?,lsarSist-H8_FourierTransform.pdf,Evet,πF(ω+ω0) + πF(ω-ω0),"cos(ω0t)f(t) için Euler açılımı kullanılarak Fourier dönüşümü (1/2)F(ω-ω0) + (1/2)F(ω+ω0) şeklinde, yani orijinal spektrumun +ω0 ve -ω0'a kaydırılmış iki yarım-genlikli kopyasının toplamı olarak elde edilir. | (1/2) F(ω+ω0) ve (1/2) F(ω-ω0) | (1/2)F(ω-ω0) + (1/2)F(ω+ω0) | 0.5*F(ω+ω0) + 0.5*F(ω-ω0) | (1/2)F(ω+ω0) ile (1/2)F(ω-ω0) terimlerinin toplamıdır.",0.0,0.0,58.3,77.8,46.7,58.3,85.9,Evet,1,TP,Evet,31.22
test_3,87,Zor,Zor,Nedensel üstel işaretin genlik yanıtı |X(jω)|=1/√(Re{a}²+(ω+Im{a})²) ifadesinde Re{a} ve Im{a} terimleri fiziksel olarak neyi temsil eder ve a=1 için genlik-faz grafiklerinin şekli nasıl yorumlanır?,lsarSist-H8_FourierTransform.pdf,Evet,"Re{a} terimi a complex sayısının reel kısmı temsil eder ve genlikten bağımlı olarak fonksiyonun attenuates veya arttığı hızı etkiler. Im{a} terimi ise a complex sayısının sanal kısmıdır ve ω'nin pozitif değerlerine göre fonksiyonun oscilasyonlarını kontrol eder. a = 1 için genlik-faz grafiklerinin şekli, genlik yanıtının bir çember olarak ve faz yanıtının bir doğrultuya aykırı olarak dönen bir çizgi olarak yorumlanabilir. Bu durumda, genlik sabit kalırken faz 90 derece ile ω'nin negatif değerlerine doğru azalmaya devam eder ve pozitif değerlerde 90 derece ile artar. Bu, bir nedensel üstel işareti için tipik bir davranıştır.","Re{a} genliğin sönme (decay) hızını belirleyen reel bileşendir ve genlik yanıtının paydasındaki karekök teriminde doğrudan yer alır; Im{a} ise frekans eksenini kaydıran bir öteleme terimi gibi davranır (ω+Im{a}). a=1 (yani Re{a}=1, Im{a}=0) için genlik yanıtı ω=0'da tepe (maksimum) değerine ulaşan, simetrik ve azalan bir eğri (alçak geçiren filtre karakteristiği) gösterir; faz yanıtı ise ω arttıkça monoton azalan bir tan⁻¹ eğrisi (S şeklinde) sergiler. | Re{a} sönümlenme (decay) hızını, Im{a} salınım (oscillation) frekansını temsil eder. a=1 için genlik sıfır frekansta 1 olup frekans arttıkça alçak geçiren filtre şeklinde azalır; faz ise 0'dan -90 dereceye (-π/2) doğru iner. | Re{a} sönümlenmeyi, Im{a} salınımı temsil eder; a=1 iken genlik yanıtı alçak geçiren eğri oluşturur.",0.0,0.0,29.3,27.5,31.5,23.1,80.5,Evet,1,TP,Evet,40.78
test_3,88,Zor,Zor,F{1}=2πδ(ω) sonucunun elde edilme sürecinde ters Fourier dönüşümü tanımı ile sifting property arasındaki matematiksel bağlantı adım adım nasıl kurulmuştur?,lsarSist-H8_FourierTransform.pdf,Evet,Bu bilgi dokümanlarda bulunamadı.,"Ters Fourier dönüşümü tanımı x(t)=(1/2π)∫X(jω)e^(jωt)dω kullanılarak, X(jω)=2πδ(ω) varsayılıp bu ifade ters dönüşüme yerleştirildiğinde, sifting özelliği gereği integral doğrudan e^(j0·t)=1 değerine indirgenir; yani x(t)=1 elde edilir. Bu, F{1}=2πδ(ω) olduğunu doğrular — çünkü ters dönüşümü alındığında orijinal sabit işarete geri dönülmektedir. | F^{-1}{δ(ω)} = (1/2π) ∫ δ(ω) e^{jωt} dω integraline sifting property uygulanarak (1/2π) e^0 = 1/2π bulunur; doğrusallık (linearity) ile her iki taraf 2π ile çarpıldığında F{1} = 2π δ(ω) elde edilir. | Ters dönüşümde Dirac delta sifting özelliğiyle 1/(2π) bulunur ve doğrusallıkla 2πδ(ω) eşitliğine ulaşılır.",0.0,0.0,2.9,25.0,1.6,2.9,37.5,Evet,1,FN,Evet,28.13
test_3,89,Zor,Zor,"Sinüzoidal genlik modülasyonu örneğinde ω1<<ω0 varsayımının demodülasyon sürecinde alçak geçiren filtreleme adımı için neden gerekli olduğunu, Y(ω) spektrumundaki F(ω-ω0) ve F(ω+ω0) bileşenlerinin konumu üzerinden açıklayınız.",lsarSist-H8_FourierTransform.pdf,Evet,"ω1<<ω0 varsayımı, demodülasyon sırasında F(ω-ω0) ve F(ω+ω0) bileşenlerini ayırt etmek için alçak geçiş filtreleme adımı gereklidir. Y(ω) spektrumunda F(ω-ω0) ve F(ω+ω0) bileşenleri ω0 frekansı etrafında simetrik olarak yer alır. Bu nedenle, alçak geçiş filtreleme adımı ile sadece istenen bileşeni seçebiliriz.","ω1<<ω0 varsayımı, F(ω-ω0) ve F(ω+ω0) bileşenlerinin frekans ekseninde birbirinden yeterince uzakta (ω0 civarında dar bantlı) konumlanmasını sağlar. Böylece demodülasyon sonrası oluşan spektrumda, orijinal F(ω) bileşeni (ω=0 civarında) ile ±2ω0 civarındaki yüksek frekans bileşenleri birbirine karışmaz (overlap etmez) ve alçak geçiren filtre bu iki grubu kolayca ayırarak sadece F(ω)'yı geçirebilir. | ω1 << ω0 olduğunda ±ω0 etrafındaki spektrum bileşenleri örtüşmez (aliasing olmaz); demodülasyon sonrasında temel banttaki (merkezdeki) mesaj sinyali ile ±2ω0'daki yüksek frekanslı bileşenler alçak geçiren filtre ile birbirinden kolayca ayrıştırılabilir. | Spektral örtüşmeyi önlemek ve alçak geçiren filtrenin yüksek frekans bileşenlerini kesebilmesini sağlamak için gereklidir.",0.0,0.0,45.2,48.1,42.6,31.3,88.6,Evet,1,TP,Evet,31.07
test_3,90,Zor,Zor,"Zamanda kaydırma özelliğinin türetmesinde elde edilen e^{-jωt0}F(ω) ifadesi ile frekans-kaydırma özelliğindeki e^{jω0t}f(t)↔F(ω-ω0) ifadesi arasındaki dualite ilişkisini, her iki türetmenin matematiksel adımlarını karşılaştırarak açıklayınız.",lsarSist-H8_FourierTransform.pdf,Evet,Bu bilgi dokümanlarda bulunamadı.,"Zamanda kaydırma: f(t-t0)↔e^(-jωt0)F(ω) — zaman domenindeki bir kaydırma, frekans domeninde bir faz çarpanı (kompleks üstel) olarak görünür. Frekans-kaydırma: e^(jω0t)f(t)↔F(ω-ω0) — frekans domenindeki bir kaydırma, zaman domeninde bir faz çarpanı (kompleks üstel) olarak görünür. Bu iki özellik, duallik ilkesinin bir yansımasıdır: biri zaman-frekans arasında ""kaydırma → üstel çarpan"", diğeri ""üstel çarpan → kaydırma"" yönünde simetrik bir ilişki sergiler; türetmelerinde de benzer şekilde değişken dönüşümü (u=t-t0 veya doğrudan üstel çarpanın integrale dahil edilmesi) kullanılmıştır. | Zamanda kaydırma f(t-t0) frekansta e^{-jωt0} ile çarpıma yol açarken, zamanda e^{jω0t} ile çarpım frekansta F(ω-ω0) ötelemesine yol açar; zaman ve frekans bölgelerindeki bu simetrik öteleme-çarpma eşleşmesi dualite özelliğini gösterir. | Zamanda öteleme frekansta faz çarpımına, zamanda modülasyon ise frekansta ötelemeye karşılık gelir (dualite).",0.0,0.0,4.2,25.0,2.3,4.2,34.5,Evet,1,FN,Evet,30.81
test_4,91,Kolay,Kolay,Alis'in çalıştığı kütüphanenin adı nedir?,test1.txt,Evet,Bu bilgi dokümanlarda bulunamadı.,Kütüphanenin adı Gümüş Yaprak'tır. | Gümüş Yaprak | Gümüş Yaprak Kütüphanesi | Gümüş Yaprak'tır.,0.0,0.0,0.0,0.0,0.0,0.0,39.3,Evet,1,FN,Evet,25.54
test_4,92,Kolay,Kolay,Anlatıcının Oda No: 304'ü kiraladığı şehir ve mevsim hangisidir?,test2.txt,Evet,İstanbul'un yağmurlu kasım mevsiminde.,"İstanbul'da, yağmurlu bir kasım sabahında (sonbaharda) kiralanmıştır. | İstanbul, Kasım (Sonbahar) | İstanbul, Sonbahar | İstanbul ve sonbahar (kasım ayı) | İstanbul, yağmurlu bir kasım sabahı",0.0,0.0,60.0,60.0,60.0,60.0,85.6,Evet,1,TP,Evet,28.46
test_4,93,Kolay,Kolay,Defterin sayfalarında beliren cümlede 'gardiyan' olarak kim gösterilmektedir?,test1.txt,Evet,Bu bilgi dokümanlarda bulunamadı.,Gardiyan olarak kütüphanenin baş yöneticisi Usta Magnus gösterilmektedir. | Usta Magnus | Kütüphanenin baş yöneticisi Usta Magnus | Kütüphaneci (Usta Magnus) | Kütüphaneci | Kütüphanecinin kendisidir.,0.0,0.0,0.0,0.0,0.0,0.0,37.9,Evet,1,FN,Evet,22.63
test_4,94,Orta,Orta,"Alis'in Yasaklı Kanat'a girme kararını tetikleyen olaylar zincirini (ay ışığının yansıması, kapının aralık olması, kalp atışları) sırasıyla açıklayınız.",test1.txt,Evet,"Ay ışığı, tavanlardan süzüldüğünde zemin kattaki mermerlerde garip bir yansıma oluşturdu. Bu ışık, Yasaklı Kanatın demir kapısını işaret ettiğinde Alis'in kalbi hızlı atışlar yapmaya başladı. Kapının uzun yıllardır kapalı olduğu halinde bu gece bir parmak kalınlığında aralığının açılması, Alis'in kararını vermesine neden oldu. Bu olayların zincirini şöyledir: ay ışığının yansıması, kapının aralığının açılması, kalbinin hızla atışları.","Önce kütüphanenin tavanındaki cam fenerlerden süzülen ay ışığı zemindeki mermerlerde bir yansıma oluşturur ve bu ışık bir pusula gibi Yasaklı Kanat'ın demir kapısını işaret eder. Alis bu işareti fark edip kalbinin hızla attığını hissederek kapıya yaklaşır. Son olarak, yıllardır sımsıkı kapalı olan kapının o gece bir parmak kalınlığında aralık olduğunu görünce içeri girmeye karar verir. | 1. Ay ışığının mermer zeminde pusula iğnesi gibi kapıyı işaret etmesi, 2. Yıllardır kilitli olan kapının bir parmak aralık kaldığını fark etmesi, 3. Kalbinin çarpıntısını dinleyerek içeri adım atması. | Ay ışığının kapıyı işaret etmesi, kapının aralık olması ve merak/kalp atışlarıyla içeri süzülmesidir.",0.0,0.0,38.6,37.9,39.3,31.6,89.1,Evet,1,TP,Evet,27.33
test_4,95,Orta,Orta,Antikacının verdiği pirinç anahtarın hikâyedeki işlevi ile günlükte bahsedilen tıkırtı sesi arasındaki bağlantı nasıl kurulmuştur?,test2.txt,Evet,Bu bilgi dokümanlarda bulunamadı.,"Anahtar, evdeki hiçbir kilide uymadığı için gizemini artırır; önceki kiracı bunun tıkırtının kaynağıyla (duvarın arkasındaki gizli bölmeyle) ilgili olduğunu düşünerek duvarı kazmaya karar verir. Böylece anahtar ile tıkırtı, aynı sırrın -duvarın ardındaki gizli mekânın- iki farklı ipucu olarak birbirine bağlanır. | Antikacı Korev'in verdiği pirinç anahtar evdeki kilitlere uymaz; günlük yazarı her gece 03.14'te tıkırtının geldiği şömine duvarındaki gizli bölmeyi/kilidi açmak için anahtarı kullanacağını belirtir. | Pirinç anahtar evdeki kilitlere uymaz, tıkırtının geldiği şömindeki gizli bölmeyi açmak için tasarlanmıştır.",0.0,0.0,0.0,0.0,0.0,0.0,37.9,Evet,1,FN,Evet,19.0
test_4,96,Orta,Orta,"Defterde Alis'in isminin belirmesinden hemen sonra ortaya çıkan illüstrasyonun içeriği, hikâyenin gerilimini nasıl artırmaktadır?",test1.txt,Evet,"Yarının tarihi ve kütüphanenin büyük bir yangınla kül olacağını gösteren küçük, hareketli bir illüstrasyon, Alis'in kaderinin tehlikeli olduğunu vurgulayarak hikâyenin gerilimini artırır.","İsminin altında yarının tarihi ve kütüphanenin büyük bir yangınla kül olacağını gösteren hareketli bir illüstrasyon belirir. Bu, olayı soyut bir kehanetten Alis'in doğrudan kişisel ve yakın bir tehdidine dönüştürerek gerilimi artırır; artık zaman baskısı ve kişisel sorumluluk devreye girmiştir. | İllüstrasyonda yarının tarihi ve kütüphanenin büyük bir yangınla kül olacağını gösteren hareketli bir sahne yer alır; felaketin çok yakın olduğunu ve zamanın azaldığını göstererek gerilimi artırır. | Kütüphanenin yarın büyük bir yangınla kül olacağını gösteren hareketli bir görsel belirir ve gerilimi zirveye taşır.",0.0,0.0,57.1,60.9,53.8,57.1,89.1,Evet,1,TP,Evet,24.8
test_4,97,Orta,Orta,"Günlükteki 12 Mart ve 28 Mart tarihli kayıtlar arasında bilgi açısından ne gibi bir ilerleme (fısıltıdan koda, kodan antikacıya) yaşanmıştır?",test2.txt,Evet,Bu bilgi dokümanlarda bulunamadı.,"12 Mart kaydında önceki kiracı sadece duvardan gelen fısıltı ve tıkırtıdan, bunun bir kod olduğundan ve 'Korev' kelimesini çözdüğünden bahseder. 28 Mart kaydında ise bu kelimenin bir isim değil bir antikacının adı olduğu ortaya çıkar; antikacıyla yüz yüze görüşme ve ondan gizemli bir pirinç anahtar alma anlatılır. Böylece bilgi, belirsiz bir sesten somut bir kişiye ve nesneye doğru ilerler. | 12 Mart'ta duvardaki fısıltının bir tıkırtı kodu olduğu ve ilk kelimenin 'Korev' olduğu çözülmüş; 28 Mart'ta ise Korev'in Galata'daki bir antikacı olduğu anlaşılıp dükkana gidilmiş ve pirinç anahtar alınmıştır. | Fısıltının tıkırtı koduna ve 'Korev' kelimesine, ardından Korev'in Galata'daki antikacı olduğuna ve pirinç anahtara ulaşılmasıyla ilerlemiştir.",0.0,0.0,6.3,50.0,3.4,6.3,38.9,Evet,1,FN,Evet,24.47
test_4,98,Orta,Orta,Anlatıcının saatin 03.13'e gelmesini fark etmesi ile önceki günlük kayıtlarında belirtilen 03.14 tıkırtısı arasındaki zamansal gerilim nasıl kurgulanmıştır?,test2.txt,Evet,"Anlatıcının saatin 03:13'e gelmesini fark etmesi, 03:14 tıkırtısıyla önceki günlük kayıtları arasında zamansal bir gerilim oluşturmuştur. Anlatıcının kalbi hızla çarpması ve evin içinde çıt çıkmaması arasındaki farkı fark etmesiyle, anlatıcının normal rutininin bozulduğunu ve beklenmedik bir olayın gerçekleştiğini anlar. Bu, anlatıcının dikkatini çekerek okuyucuya bir uyarı sunar ve gelecekteki olayların önemi vurgulanır.","Günlükte tıkırtının her gece tam 03.14'te başladığı yazılıdır. Anlatıcı krokiye bakıp şömineye yöneldiğinde saatin 03.13 olduğunu fark eder; yani tıkırtının başlamasına sadece bir dakika kalmıştır. Bu, okuyucuda olayın az sonra gerçekleşeceği hissini yaratarak gerilimi tırmandırır ve nitekim bir dakika sonra tıkırtı duyulur. | Günlükte tıkırtının her gece tam 03.14'te başladığı belirtilmişken, anlatıcının saatin tam 03.13 olduğunu fark etmesi ve tam bir dakika sonra şömineden tıkırtının gelmesiyle son saniye gerilimi yaratılmıştır. | 03.13'te anlatıcının zamanı fark edip 1 dakika sonra 03.14'te tıkırtıyı duymasıyla anlık ve yoğun bir gerilim kurgulanmıştır.",0.0,0.0,23.7,16.4,42.9,18.8,78.8,Evet,1,TP,Evet,28.05
test_4,99,Zor,Zor,"'Geleceği görmek bir lütuf değil, bir hapishanedir' cümlesinin, Usta Magnus'un kimliğine dair ipuçlarıyla birlikte hikâyenin genel gizem yapısına nasıl bir anlam kattığını değerlendiriniz.",test1.txt,Evet,Bu bilgi dokümanlarda bulunamadı.,"Bu cümle, geleceği bilmenin özgürleştirici değil kısıtlayıcı bir yük olduğunu ima eder ve yazının Usta Magnus'a ait olduğunun anlaşılması, onun kehanet güçlerine veya gizli bir bilgiye sahip olduğunu düşündürür. Aynı zamanda Magnus'un hem koruyucu hem de 'gardiyan' olarak tanımlanması, onun iyi niyetli bir akıl hocası mı yoksa geleceği kontrol eden/gizleyen bir figür mü olduğu sorusunu belirsiz bırakarak hikâyenin ana gizemini (Magnus'un gerçek amacı) derinleştirir. | Cümlenin Usta Magnus'un el yazısıyla olması ve kütüphaneciyi gardiyan ilan etmesi; Magnus'un geleceği bildiği halde değiştirememenin getirdiği bir mahkumiyet yaşadığını ve kütüphanenin koruyuculuğunun altında gizli bir kader hapishanesi olduğunu düşündürür. | Magnus'un geleceği görüp değiştiremediği bir hapis hayatı yaşadığını ve akıl hocası kimliğinin arkasında gizli bir sır olduğunu gösterir.",0.0,0.0,2.7,25.0,1.4,2.7,38.2,Evet,1,FN,Evet,23.81
test_4,100,Zor,Zor,"Günlükteki koparılmış yirmi sayfa ile arka kapaktaki kroki/koordinat arasındaki anlatısal boşluk, okuyucuda nasıl bir belirsizlik ve merak etkisi yaratacak şekilde kurgulanmıştır?",test2.txt,Evet,Bu bilgi dokümanlarda bulunamadı.,"Yirmi sayfanın koparılmış olması, önceki kiracının duvarı kazma sürecinde veya sonrasında yaşadıklarına dair bilgiyi tamamen okuyucudan gizler; bu boşluk, kiracının başına ne geldiği (kaybolması, kaçması, zarar görmesi) konusunda cevapsız bir soru bırakır. Buna karşılık arka kapaktaki kroki ve çarpı işareti somut, doğrulanabilir bir ipucu sunar; anlatıcının bu krokiyi güncel salonla eşleştirmesi, kayıp bilgiyle fiziksel kanıt arasında bir köprü kurarak okuyucuyu 'şöminenin arkasında ne var' sorusuna doğru çeker. | Koparılmış 20 sayfa, önceki kiracının başına ne geldiği ve duvarı kazınca ne bulduğu bilgisini sansürleyerek merak uyandırır; arka kapaktaki kroki ve şömine koordinatı ise gizemin fiziksel olarak odaya taşınmasını sağlar. | Kayıp sayfalar yazarın akıbetini gizlerken, kroki ve şöminedeki çarpı işareti doğrudan gizemin merkezine yönlendirir.",0.0,0.0,2.8,25.0,1.5,2.8,42.5,Evet,1,FN,Evet,25.42
